Protein,Position,Sequence,lable
Q96JQ2,869,NPLEENVTKESISSKKKEKRKHVDHVESSLFVAPGSVQSSD,0
Q9NR09,4564,SEDEDGKLGFKVNYHYMSQVKNANDANSAARARRLAQEAVT,0
D3DPF9,4333,VCEALNDSGKTATSAKLTVVKRAAPVIKRKIEPLEVALGHL,0
P50748,49,ALYQVDLLVKISSEKASLNPKIQACSLSDGFIIVADQSVIL,0
B2RAH5,373,SSCSSEEDEEDDSESEAETDKTKPLASVTNANTSSTQAAPV,0
P13639,559,EESGEHIIAGAGELHLEICLKDLEEDHACIPIKKSDPVVSY,0
E7EU81,958,KEELQHEFDLLKKENEQRKRKLQAALINRKELLQRVSRLEE,0
Q99459,264,QQDLDGELRSEKEGRDRKKDKQHLKRKKESDLPSAILQTSG,0
O00429,692,HFLVNHVKDTLQSELVGQLYKSSLLDDLLTESEDMAQRRKE,0
P06744,147,DKMKSFCQRVRSGDWKGYTGKTITDVINIGIGGSDLGPLMV,0
Q9NZM1-6,871,YENQALMFGKWGTSGLVGRHKFSDVTGKIKLKREFFLPPKG,0
C9J057,203,GHYEVLDLKPNGKVASVEMVKYHHCRDVPLHAXXXXXXXXX,0
Q14690,1857,RYLDYEKQHGTEKDVQAVKAKALEYVEAKSSVLEDXXXXXX,0
E9PMV1,143,ERDVSRSSRLPREKGRMRFHKLQNVQIALDYLRHRQVKLVN,0
D3DPF9,12209,EKAVFVNVRVLDTPGPVSDLKVSDVTKTSCHVSWAPPENDG,0
B4DP06,78,VEEAVEQIDIGGVTLLRAAAKNHARVTVVCEPEDYVVVSTE,0
Q86UQ4-6,339,IMTFLSNFTVTEDVKIKDLMKNITKLTEELRSSIQISNETI,0
Q15413,3570,PDPLHQIILYFSRNALTERSKLEDDPLYTSYSSMMAKSCQS,0
B7Z4N6,13,XXXXXXXXMAKTAMAYKEKMKELSMLSLICSCFYPEPRNIN,0
P49792,822,RWAEDQNSLLKMICQQVEAIKKEMQELKLNSSNSASPHRWP,0
K7EIG1,1130,HEKEGYTIYKTQLGEDHEKTKESSEYLKCLTQQAVALQRTM,0
P08621,284,RRSRSRDKEERRRSRERSKDKDRDRKRRSSRSRERARRERE,0
C9JIZ6,407,MLHLCSGTRLPALTVHVTQPKDGGFCEVCKKLVGYLDRNLE,0
P09429,173,EKYEKDIAAYRAKGKPDAAKKGVVKAEKSKKKKEEEEDEED,0
B4E3D9,164,REMAREHSRRERDRLEQLERKRERERKMREQQKEQREQKER,0
S4R3C2,189,TPVTVKAQTKAPPKPARAAPKIANGKAASSSSSSSSSSSSD,0
Q9Y696,103,EVKTDVNKIEEFLEEVLCPPKYLKLSPKHPESNTAGMDIFA,0
E9PKP7,644,GPNPKSSRTTLQSKSPRRMMKRMRMTRTRMKKRKMMRMGTP,0
A0A087WYN9,1355,LIDSVLRKKLENPKMSLENDKILQIITELIKTENNNXXXXX,0
P37837,154,ISKDRILIKLSSTWEGIQAGKELEEQHGIHCNMTLLFSFAQ,0
E9PAV3,1707,APAPESTPIITAPTRKGPQTKKSSATSPPICPDPSAKNGSK,0
Q13428,6,XXXXXXXXXXXXXXXMAEARKRRELLPLIYHHLLRAGYVRA,0
Q8WWQ0,208,CVTFDRTGRRIFTGSDDCLVKIWATDDGRLLATLRGHAAEI,0
D3DPF9,5491,LHTTRSVSMQDEGKTHSITFKDLSIDDTSQIRVEAMGMSSE,0
G3XAK3,353,YFKCAPKYGIFAPLSKISKAKGRRKNITHTPSTKAAVPLIR,0
Q8NI27,1552,KSKSSGKEKGSDSFKSEKMDKISSGGKKESRHDKEKIEKKE,0
Q9NQG5,275,ARMLVEYTQNQKDVLSEKEKKLEEYKQKLARVTQVRKELKS,0
O00410,712,LKEGFVEYTEQVVKLMVPLLKFYFHDGVRVAAAESMPLLLE,0
Q96KB5,292,YAALGTRPPINMEELDESYQKVIELFSVCTNEDPKDRPSAA,0
Q86UQ4-6,743,LASIIFSNSLFDKNFRSESVKLPPHVSYTIRTNVLYSVRTD,0
B4DZB4,236,LNCLRLMNDMTAVALNYGIYKQDLPSLDEKPRIVVFVDMGH,0
B4DGI6,98,AQAVSEEEEEEEGKSSSPKKKIKLKKSKNVATEGTSTQKEF,0
Q15012,150,SLTYLPRIKEYLDQLPDFPYKDDLLALDSSCLLFIVLVFFA,0
H0YJ77,45,QYLEYLSQNRPPPNAYELFAKGYEDYLQSPLQPLMDNLESQ,0
Q59FH0,46,NLAGFEVEAIINPTNADIDLKDDLGNTLEKKGGKEFVEAVL,0
Q6PCB7,483,FDGYVSESATSKKIAHSVFSKGDSAYLSGDVLVMDELGYMY,0
Q69YP2,12,XXXXXXXXXKDIQQSLADVSKDWRQSINTIESLKDVKDAVV,0
Q15413,1787,EKEEVTQVEEKAVEAGEKAGKEAPVKGLLQTRLPESVKLQM,0
Q8NBU5,148,GVLLYGPPGCGKTLIAKATAKEAGCRFINLQPSTLTDKWYG,0
A0A024R3X1,321,FPFSPGMYFEMIIYCDVREFKVAVNGVHSLEYKHRFKELSS,0
Q14204,3783,DDTIITTLENLKREAAEVTRKVEETDIVMQEVETVSQQYLP,0
B4E2V7,19,XXMSDFDSNPFADPDLNNPFKPPPGGVKMPNVPNTQPAIMK,0
D3DPF9,17632,TVKVLDTPGPPQNLAVKEVRKDSAFLVWEPPIIDGGAKVKN,0
Q00610,637,CEKAGLLQRALEHFTDLYDIKRAVVHTHLLNPEWLVNYFGS,0
Q8NGP6,271,YATLFFMYLRPPSKESVEQGKMVAVFYTTVIPMLNLIIYSL,0
A0A0A0MRP6,301,GEWDVCVTSYEMVIKEKSVFKKFHWRYLVIDEAHRIKNEKS,0
S4R3C2,244,VPKKQVVAKAPVKAATTPTRKSSSSEDSSSDEEEEQKKPMK,0
Q93034,392,AYKAVVNDATIFKLELPLKQKGVGLKTQPESKCPELLANYC,0
Q92616,475,RGDTLLQALDLLPLLIQTVEKAASQSTQVPTITEGVAAALL,0
Q8TF76,727,DEDLFTGDGDYQFDIYRLMKKENNNRWGEYHPYSNVLWLHY,0
Q9UFH2,475,SLVTRIYDEVFELVKVFADCKYDPLDPGDSNFDRDYADFEI,0
D3DPF9,11940,NPPEYDGGKSITGYFLEKKEKHSTRWVPVNKSAIPERRMKV,0
P46940,793,KKQIPAITCIQSQWRGYKQKKAYQDRLAYLRSHKDEVVKIQ,0
D3DPF9,4389,QWFKAGREIYESDKCSIRSSKYISSLEILRTQVVDCGEYTC,0
Q8NBU5,183,TDKWYGESQKLAAAVFSLAIKLQPSIIFIDEIDSFLRNRSS,0
Q16531,11,XXXXXXXXXXMSYNYVVTAQKPTAVNGCVTGHFTSAEDLNL,0
Q8NI27,1103,NKADQLDYENFRHVVHKWHYKLTKASVHCLETGEYTHIRNI,0
Q15413,996,LPPQEILVDKLAENAHNVWAKDRIKQGWTYGIQQDLKNKRN,0
Q9BZQ2,156,AEDADEVMGKYLSEKLKLKDKWLGVWKTNPSVFFVKYEEAS,0
D3DPF9,3939,ISQVNYEPLVPSEHSCTEGGKILIESANPLENAGQDSAVRI,0
Q9Y2W1,765,DSSHSRERSAEKTEKTHKGSKKQKKHRRARDRSRSSSSSSQ,0
H3BS72,110,DNVYEFHLEFLDLVKPEPVYKLTQRQVNITVQKKVSQWWER,0
Q96JQ2,654,DSGEEAEGCPSAPEETPVDKKPEVHEKAKRKSTRPHYEEEG,0
Q5T760,320,RGRRSRSTSKTRDKKKEDKEKKRSKTPPKSYSTARRSRSAS,0
Q9HB40,322,RHLQRDALSQLMNGPIRKKLKIIPEDQSWGGQATNVFVNME,0
Q01581,291,VQKSLARMLLNDFLNDQNRDKNSIYSGLEAFGDVKLEDTYF,0
Q96AG4,3,XXXXXXXXXXXXXXXXXXMTKAGSKGGNLRDKLDGNELDLS,0
H0Y9M2,10,XXXXXXXXXXXMPRRKQEQPKRLPSHVSRQEEAEGELSEGE,0
A8MUS3,127,NKLDHYAIIKFPLTTESAMKKIEDNNTLVFIVDVKANKHQI,0
Q14690,18,XXXMANLEESFPRGGTRKIHKPEKAFQQSVEQDNLFDISTE,0
K9MS24,2310,KDDEEMNTWIQAISSAISSDKHEVSASTQSTPASSRAQTLP,0
Q92616,561,TVLHLTERLFLDHPHRLTGNKVQQYHRALVAVLLSRTWHVR,0
Q8NI27,1264,ASSTTPKGNSSNGNSGSNSNKAVKENDKEKGKEKEKEKKEK,0
P12270,2321,PSTSQDPPSSSSVDTSSSQPKPFRRVRLQTTLRQGVRGRQF,0
O75937,246,FQANTKGKKEKKNRTFLRPPKVKMEQREXXXXXXXXXXXXX,0
E7EVA0,758,LSESGWVSGSSSCGGPGNQRKSIHVDSLEPQRDLGREAWDI,0
P42704,1266,NQFAIYKPVTDFFLQLVDAGKVDDARALLQRCGAIAEQTPI,0
B9A018,51,ERDREREPEAASSRGSPVRVKREFEPASAREAPASVVPFVR,0
Q9UM54-6,1088,RGPAVLATKAAAGTKKYDLSKWKYAELRDTINTSCDIELLA,0
Q53GG0,28,RRQWTSLSLRVTAKELSLVNKNKSSAIVEIFSKYQKAAEET,0
Q14684,403,RVFCVEEEDSESSLQKRRRKKKKKHHLQPENPGPGGAAPSL,0
Q94AH6,660,KFTDRMRRIKIPLPPVDERKKVVEDVDKDRRYAIDAAIVRI,0
P63000,166,AKEIGAVKYLECSALTQRGLKTVFDEAIRAVLCPPPVKKRK,0
A0A024R4X7,390,DNEFKEKGIGTLHLKPTANQKTQLLVRADTNLGNILLNVLI,0
D3DPF9,13550,TRVSVESSAVNTTLIVYDCQKSDAGKYTITLKNVAGTKEGT,0
O75369,2360,PDKYAVRFIPHENGVHTIDVKFNGSHVVGSPFKVRVGEPGQ,0
Q9BXW9,9,XXXXXXXXXXXXMVSKRRLSKSEDKESLTEDASKTRKQPLS,0
Q03701,119,ASLVEEDEPAEKENSSKKEVKIPKINNKNTAESQRTSVNKV,0
Q09666,2640,VDINAPDVGVQGPDWHLKMPKVKMPKFSMPGFKGEGPDGDV,0
A6NHR9,1092,QMYDEGEREINITSALAEKIKVNWTPEINKEHLLQGLLPDV,0
Q9NZM1-6,37,FGKPDPIVSVIFKDEKKKTKKVDNELNPVWNEILEFDLRGI,0
Q6AI50,1057,DAEQPSGFTFSFFDSDTKDIKEDRVSVTQAGVQWCNLGSLA,0
Q8WTT2,486,KAEEKLERELREAEASESTEKKLKLHTETLNIVFVTYFRIL,0
Q96HW7-2,491,LCCTNVSTKEGIHLALVELLKNLTKYPTDRDSIWKXXXXXX,0
P09661,30,EQAAQYTNAVRDRELDLRGYKIPVIENLGATLDQFDAIDFS,0
D3DPF9,14969,PSDAITCRDDVEAPKIKVDVKFKDTVILKAGEAFRLEADVS,0
O60763,563,LLLGISIYFNDNSLESYMKEKLKQLIEKRIGKENFIEKLGF,0
E7EVA0,2211,KHKPGGGDVKIESQKLNFKEKAQAKVGSLDNVGHLPAGGAV,0
Q7RTV0,104,GCPKIVNLGSSKTDLFYERKKYGFKKRXXXXXXXXXXXXXX,0
Q96KP4,339,IEGAFSGSGAKTVIPRKVVGKFSIRLVPNMTPEVVGEQVTS,0
A0A024R914,66,NKLEVAPTSTAVCDSVMDTKKSSTSATRKISRKDGRYLDDS,0
E7EVA0,1387,NRYTAVADKPSKRSNDGKSKKVKNSSPEKHILENKIDATKI,0
D3DPF9,19150,ERSSILWSKANKILIADTQMKVSGLDEGLMYEYRVYAENIA,0
Q13111,395,KEEEKELKEKERREKREKDEKEKAEKQRLKEERRKERQEAL,0
Q93009,1022,TFGIPFLLRIHQGEHFREVMKRIQSLLDIQEKEFEKFKFAI,0
P15121,275,QRNLVVIPKSVTPERIAENFKVFDFELSSQDMTTLLSYNRN,0
D3DPF9,3537,LFTKLEDEGEYTCMASNDYGKTICSAYLKINSKGEGHKDTE,0
A0A024R9N6,318,NDLIKRARLAKVHAYIISYLKKEMPSVFGKENKKRELISRL,0
Q8WWQ0,421,SILLDMATRPAGQNLQGIEDKITKMKVTMVAWDRHDNTVIT,0
Q15413,4293,GDTDIMSDLFGLHPKKEGSLKHGPEVGLGDLSEIIGKDEPP,0
E7EVA0,979,IRLKEGCSPFLDQEVMGVVSKPTAAKEIPNLVPTLIASNPL,0
Q9H501,338,DTADLFPEESGFEHAWRELDKDAPRADEITRRLAVCNMDWD,0
O60841,442,TLKLLQAQGVEVPSKDSLPKKRPIYEDKKRKKIPQQLESKE,0
Q9NYB0,338,IRQLMEKFNLDLSTVTQAFLKNSGELEATSAFLASGQRADG,0
Q8TC07,399,KTDEYFRMKLQWKSISQEQEKRNSRLRDYRSLIEKDVNRTD,0
D3DPF9,4182,ESKYLISTEEVSYFNVQSRVKYLDATPVTKGVASAVVSDEK,0
O00566,559,APVSVSDAALLAPEEIKEKNKAGDIKTAAEKTATDKKRERR,0
Q9Y2W1,215,DNQGDEAKEQTFSGGTSQDTKASESSKPWPDATYGTGSASR,0
P78527,2207,VEIVATILSWTGLATPTGVPKDEVLANRLLNFLMKHVFHPK,0
Q14690,1402,LRLNHQKNLVELSFLPGDTGKPDVLSASLEGQLTKQEERKT,0
D3DPF9,1956,AERITHEKVPEESEELRSKFKRRTEEGYYEAITAVELKSRK,0
H0YIQ2,218,QLTAAPVPPASSSQSSQVPEKPRPALLPTPVSFGSAPPTTY,0
E7EU81,1549,LSSSCESLKLALEGLTEDKEKLVKEIESLKSSKIAESTEWQ,0
A0A024R914,1142,KKSTLEPHSTLSPQEDHSNRKSAYDPSSVDVTSQHSSGAQS,0
Q9NYL9,148,DTELCDLAAILGMHNLITNTKFCNIMGSSNGVDQEHFSNVV,0
D3DPF9,7481,LAENLAGPGKPSKSTEPILIKDPIDPPWPPGKPTVKDVGKT,0
D3DPF9,21091,IPGAQVTVRIGHNVHLELPYKGKPKPSISWLKDGLPLKESE,0
D3DPF9,4477,RKRPEEEEPKVEPKKLEKVKKPAVPEPPPPKPVEEVEVPTV,0
Q15942,160,KVSSIDLEIDSLSSLLDDMTKNDPFKARVSSGYVPPPVATP,0
A0A6I8PIK4,389,MHHPDRHSGASAEVQKEEEKKFKEVGEAFTILSDPKKKTRY,0
B3KWP1,55,KVKKNRQNGMHTLCLLDIKVKEQSLENLIKGRKIYEPPRYM,0
Q5VTR2,694,LEDLRQRLKDLEDKEKKENKKMADEDALRKIRAVEEQIEYL,0
Q9Y2W1,791,RRARDRSRSSSSSSQSSHSYKAEEYTEETEEREESTTGFDK,0
Q9BXW9,30,SEDKESLTEDASKTRKQPLSKKTKKSHIANEVEENDSIFVK,0
H3BND4,36,ETWKPGPGSEIADPTLAEMGKNLKEAVKMLEDSQRRTEEEN,0
A0A024R914,305,LKERIRKQWEHSEETNGRGQKLGHIDHPVMVVNVDNSVTAK,0
Q9H501,782,FQAMYTSHLFNLDPSDPNFKKTKAMEKILEEKARQRERKEQ,0
A0A075B784,313,VLSGENAYMCAKCKKKVPASKRFTIHRTSNVLTLSLKRFAN,0
Q14008-2,42,KARLSGYEEALKIFQKIKDEKSPEWSKFLGLIKKFVTDSNA,0
Q93074-3,161,EVFGYLAKYTVPVMRAAWLIKMTCAYYAAISETKVKKRHVD,0
B4DQ79,73,QLLAPGNSAGAFLIRESETLKGSFSLSVRDFDPVHGDVIKH,0
Q14690,1486,QKRGGRECRESGSEQERVSKKPKKAGLSEEDDSLVDVYYRE,0
A0A6Q8PHG4,662,ITDFHNHSVKVFNQEGEFMLKFGSNGEGNGQFNAPTGVAVD,0
Q6NZY4,701,STGMYLRIRSLLKNSPRNQQKNKKASEXXXXXXXXXXXXXX,0
D3DPF9,14014,LTWTPPLEDGGSPIKSYILEKRETSRLLWTVVSEDIQSCRH,0
X1WI28,198,ADEFEDMVAEKRLIPDGCGVKYIXXXXXXXXXXXXXXXXXX,0
A0A669KBA4,145,AQSGNIQSTVMLDKQKELDSKVRNVKDKVMCIEHEIKSLED,0
Q9BSC4-2,59,VRRRIELIQDFEMPTVCTTIKVSKDGQYILATGTYKPRVRC,0
Q9NR30,19,XXMPGKLRSDAGLESDTAMKKGETLRKQTEEKEKKEKPKSD,0
Q6AI50,8,XXXXXXXXXXXXXMKVNRETKRLYVGGLSQDISEADLQNQF,0
O60841,975,EIPVLKDELIHELKQTLNAIKLEEKGVYVQASTLGSLEALL,0
A0A087WTG3,19,XXMYLNVIINNTWQGDFSQIKVFLMTLKNMISKLKTECGCQ,0
Q4G0J3,535,KKHCWKLEILSGDHEQRYWQKILVDRQAKLNQPREKKRGTE,0
O43707,363,KPPKVQEKCQLEINFNTLQTKLRLSNRPAFMPSEGKMVSDI,0
Q9NY61,413,LTQIDHILMDKERLLRRTQTKRSVYRVLGKPEPAAQPVPES,0
E5RJU9,222,ENTITVTTEQLTTASFPVGSKKNKGDSHLNVQVSNFKSGKG,0
E7EU81,1005,DESKKEIPLSETERGEVEEDKENKEYSEKCVTSKCQEIEIY,0
P82979,89,ELPVKEEEPPEKTVDVAAEKKVVKITSEIPQTERMQKRAER,0
Q9HCH5,888,DHYKLTNQFLGGLRIGFGTGKSYGTEVDWMDSTSEEVALWE,0
P49792,1181,AHGDDDDDGPHFEPVVPLPDKIEVKTGEEDEEEFFCNRAKL,0
A0A087WW66,867,EKKEEEKMEVDEAEKKEEKEKKKEPEPNFQLLDNPARVMPA,0
Q5W0H4,130,RVKPFMTGAAEQIKHILANFKNYQFFIGENMNPDGMVALLD,0
B4DZB4,522,GVPYPEAKIGRFVVQNVSAQKDGEKSRVKVKVRVNTHGIFT,0
A0A024R9N6,245,DQVDTQQLMRVYGALMWSLGKVINTPEVLRVYIGSFWAQPL,0
Q14683,853,DKVHMWEQTVKKDENEIEKLKKEEQRHMKIIDETMAQLQDL,0
Q8TB36,318,NILISAVLPTAFRVAKKRAPKVLGTTLVVGLLAGVGYFAFM,0
Q09666,1256,MDIDAPDVEVQGPDWHLKMPKMKMPKFSMPGFKGEGREVDV,0
G3V1L9,1370,EDEEYYRKQLSYFDRRSFENKPPAHIAASHLSEPAKPAHSQ,0
Q9Y6M7-6,245,NEKRFTSRIPLVRSFADIGKKHSDPHLLERNGILASPQSAP,0
Q14684,697,TPSSSKKVTFGLNRNMTAEFKKTDKSILVSPTGPSRVAFDP,0
Q9BXP5,78,YDRNRRERFSPPRHELSPPQKRMRRDWDEHSSDPYHSGYEM,0
Q9UBE0,253,LKRTTSDYFLLQVLLKFRTDKGRDPSSDTYEEDSELLLQIR,0
Q53GG0,521,VGVLAASMEAKASSQQEKEDKPAETKKLRIAWPPPTELGSS,0
P78527,452,TPVLEHLVVMQIDSFPQYSPKMQLVCCRAIVKVFLALAAKG,0
P41252,1038,EGTYLNSVIESHTEFIFTTIKAPLKPYPVSPSDKVLIQEKT,0
Q16537-2,317,SLTEPVIRGLMKFWPKTCSQKEVMFLGELEEILDVIEPSQF,0
C9JIZ6,188,VAPFMANIPLLLYPQDGPRSKPQPKDNGDVCQDCIQMVTDI,0
P43246,819,NLHVTALTTEETLTMLYQVKKGVCDQSFGIHVAELANFPKH,0
E7EU81,680,LELNFHKAQEIYEKNLDEKAKEISNLNQLIEEFKKNADNNS,0
Q68E01,1026,PNAEEESGSSSASEEEDTKPKPTKRKRKGSSAVGSDSDXXX,0
Q9NZM1-6,1792,AKKYYLRVIIWNTKDVILDEKSITGEEMSDIYVKGWIPGNE,0
P41250,450,RQHMENEMAHYACDCWDAESKTSYGWIEIVGCADRSCYDLS,0
E7EVA0,1227,KEGRCPWKDHEAAPWISEKPKKRGNEGKSKKFKNNYSTQPA,0
Q7Z6Z7-2,4021,MAVHVRRDHVFEDSYRELHRKSPEEMKNRLYIVFEGEEGQD,0
E7ET15,590,EEIVDCITESLSILKTPLPKKIARLYLVSDVLYNSSAKVAN,0
Q14683,675,GASDLKAKARRWDEKAVDKLKEKKERLTEELKEQMKAKRKE,0
O60506,414,KDLEGENIEIVFAKPPDQKRKERKAQRQAAKNQMYDDYYYY,0
Q14980,651,RDSAQTSVTQAQREKAELSRKVEELQACVETARQEQHEAQA,0
O43592,851,QGAVEYPDPIAQKTCFIILSKLVELWGGKDGPVGFADFVYK,0
O95835-2,595,SISKPSKEDQPSLPKEDESEKSYENVDSGDKEKKQITTSPI,0
A0A0U1RQV4,864,DQLEAEQYFSTLYKTQVKELKEEIEEKNRENLKKIQELQNE,0
A0A669KBA4,375,NYNLKVKVLFDKDVNERNTVKGFRKFNILGTHTKVMNMEES,0
Q14980,1549,ERQKLTAQVEQLEVFQREQTKQVEELSKKLADSDQASKVQQ,0
O14776,849,AVDSSSMREDLFKQYIEKIAKNLDSEKEKELERQARIEASL,0
Q14690,56,STEEGSTKRKKSQKGPAKTKKLKIEKRESSKSAREKFEILS,0
Q13813,485,QCMDLQLFYRDTEQVDNWMSKQEAFLLNEDLGDSLDSVEAL,0
Q9UFH2,3145,DLAKAEPALLAAQEALDTLNKNNLTELKSFGSPPDAVVNVT,0
Q8NI27,336,VVLSSEKMDEREKEKEKEEEKVEKPPDNQKLGLLEALLKIG,0
P35221,474,ASQLEALCPQVINAALALAAKPQSKLAQENMDLFKEQWEKQ,0
D3DPF9,22530,SEGDTYEFRVLAKNAAGVISKGSESTGPVTCRDEYAPPKAE,0
P61011,239,YVMDASIGQACEAQAKAFKDKVDVASVIVTKLDGHAKGGGA,0
P50454,151,GSRLYGPSSVSFADDFVRSSKQHYNCEHSKINFRDKRSALQ,0
Q15424,554,EKSKDQDDQKPGPSERSRATKSGSRGTERTVVMDKSKGVPV,0
O43395,531,HEEANAARKLTAEQRKVKKIKKLKEDISQGVHISVYRVRNL,0
Q9UFH2,2695,KTPLDLVRLWLHETERVYGDKMVDEKDQETLHRVTMASTKK,0
Q709C8,105,GLYLLVVPGASIKYDAVKEEKSLQDVKQKELSRIEEALQKA,0
P49792,1910,SIPVSADGFKFGISEPGNQEKKSEKPLENGTGFQAQDISGQ,0
B2R7L2,386,NRDLLSSVSREFSGYVESGLKTILQCALNRPAFFAERLYYA,0
Q8WWQ0,1760,RSNRKKIDDPIDEEEEFEELKGSEPHMRTRNQGRRTAFYNE,0
Q8N5C6,580,QILHTDVVYLHCGQGFREAEKIKTLLLNFNCSTVVIGNGTA,0
Q13813,1698,EALLASEDYGKDLASVNNLLKKHQLLEADISAHEDRLKDLN,0
Q9NX58,272,KKQRKDSASEEEAHVGAGKRKRRHSEVETDSKKKKMKLPEH,0
Q9Y2Q3,163,EKAGMSAEQAQGLLEKIATPKVKNQLKETTEAACRYGAFGL,0
H0YIQ2,1447,YFITEVEKEEKDPDSGKKVKKKVMEYEYEAEMEETYRTSMF,0
P05067-4,326,TPGDENEHAHFQKAKERLEAKHRERMSQVMREWEEAERQAK,0
Q01970,278,RLNEVLYPPLRPSQARLLIEKYEPNQQFLERDQMSMEGFSR,0
Q68E01,790,SAQLQELVCHVMMGNLVMFRKDSVLNILIQSLDWETFEQYC,0
P05556,190,MNEMRRITSDFRIGFGSFVEKTVMPYISTTPAKLRNPCTSE,0
P31689-2,143,TRKLALQKNVICDKCEGRGGKKGAVECCPNCRGTGMQIRIH,0
P46087,693,SSSFQDSSQPAGKAEGIREPKVTGKLKQRSPKLQSSKKVAF,0
P49792,1543,FGTSETSKTLKSGFEDMFAKKEGQWDCSSCLVRNEANATRC,0
Q15413,4380,EQAEYLWTEVTKKKKRRCGQKVEKPEAFTANFFKGLEIYQT,0
O00291-3,268,SCLPADTLQGHRDRFMEQFTKLKDLFYRSSNLQYFKRLIQI,0
B2RU06,197,QIAPKRERKTIRIRDPNQGGKDITEEIMSGARTASTPTPPQ,0
A0A6Q8PHG4,462,GSGHVKQKAVKRPASMYSTGKRKENPIEDDLIFRVGTKGRN,0
Q8WUM4,471,LDESLRLLDEEEATDNDLRAKFKERWQRTPSNELYKPLRAE,0
Q13428,62,QPVTLLDIYTHWQQTSELGRKRKAEEDAALQAKKTRVSDPI,0
A8K124,315,EGDVQEEQKTHTTFKCFSCLKILKNNIRFMNHMKHHLELEK,0
P15088,162,RIKIGSTVEDNPLYVLKIGEKNERRKAIFTDCGIHAREWVS,0
Q9H444,114,EALENANTNTEVLKNMGYAAKAMKAAHDNMDIDKVDELMQD,0
D3DPF9,24068,KLGEAAQLSCQIVGRPLPDIKWYRFGKELIQSRKYKMSSDG,0
P11940,95,DVIKGKPVRIMWSQRDPSLRKSGVGNIFIKNLDKSIDNKAL,0
A0A024R2J0,101,ETLTYLNQGQSYEIRMLDNRKMGDMPEINGKLVKSIIRVVF,0
Q13813,1807,VGSEDYGRDLTGVQNLRKKHKRLEAELAAHEPAIQGVLDTG,0
O75554-2,145,GASQWEKPEGFQGDLKKTAVKTVWVEGLSEDGFTYYYNTET,0
O95573,8,XXXXXXXXXXXXXMNNHVSSKPSTMKLKHTINPILLYFIHF,0
Q9BSC4-2,577,SATKQKLMNKTLEDRLKIEAKNGTLSVSDTTVGSKQLTFTL,0
Q14683,300,IEKEIKEKDSELNQKRPQYIKAKENTSHKIKKLEAAKKSLQ,0
D3DPF9,13726,GGSPITGYHLEFKERNSLLWKRANKTPIRMRDFKVTGLTEG,0
P49792,3185,QNTNNSQFVITLKKAEHLDFKHVVFGFVKDGMDTVKKIESF,0
Q14980,2005,QQRKRVSLEPHQGPGTPESKKATSCFPRPMTPRDRHEGRKQ,0
Q14690,15,XXXXXXMANLEESFPRGGTRKIHKPEKAFQQSVEQDNLFDI,0
A0A0A0MRP6,331,DEAHRIKNEKSKLSEIVREFKSTNRLLLTGTPLQNNLHELW,0
E5RIS7,91,KSWKKLLDGPSTEKDLDEKKKEPAITSQNSPEAREERYFTV,0
O60841,160,DDDFNKLPKKAKGKAQKSNKKWDGSEEDEDNSKKIKERSRI,0
Q14966-3,1805,DGDNDLKVELAQSKNDHPTDKKGNRKKRAVDTKKTKLESLS,0
Q14008-2,1125,PASAPAEDCISSSTEPKPDPKKAKAPGLSSKAKSAQGKKMP,0
P62851,78,LCKEVPNYKLITPAVVSERLKIRGSLARAALQELLSKGLIK,0
Q14966-3,984,PVLMDGNQLSISMAPENMNIKDEEAIFITLVKENDPEANID,0
A0A2R8Y5J0,1200,RPGLGSKTGSMSKQELDDILKFGTEELFKDEATDGGGDNKE,0
Q9Y5K6,346,VQINELDKDFPKPKKPPPPAKAPAPKPELIAAEKKYFSLKP,0
Q8WTT2,2,XXXXXXXXXXXXXXXXXXXMKARRNKKQIPSFRKLIKTSKV,0
Q13523,779,HKQHLCLVFEPLSMNLREVLKKYGKDVGLHIKAVRSYSQQL,0
A0A024R914,1176,HSSGAQSAASSRSSTSSKGKKGKKEKTEWLDSFTGNVQNSL,0
Q13616,759,SSRFKPRVPVIKKCIDILIEKEYLERVDGEKDTYSYLAXXX,0
Q93074-3,131,SAINTWFTDLAGTKPLTQLAKKVPIFSKKEEVFGYLAKYTV,0
P46013,3123,QQITEVFVLAERIEINRNEKKPMKTSPEMDIQNPDDGARKP,0
Q15758,304,LVAGKIVEMEDVGLLFARLGKYILCCLLGHAIHGLLVLPLI,0
Q9NZM1-6,860,AEGTFTVFAEMYENQALMFGKWGTSGLVGRHKFSDVTGKIK,0
Q9HCH5,682,KQRSDPYVKAYLLPDKGKMGKKKTLVVKKTLNPVYNEILRY,0
Q14204,2898,SKDYIPVDQEELRDYVKARLKVFYEEELDVPLVLFNEVLDH,0
D3DPF9,15137,LKVTKLLKGNEYIFRVMAVNKYGVGEPLESEPVLAVNPYGP,0
P62136,330,SGLNPGGRPITPPRNSAKAKKXXXXXXXXXXXXXXXXXXXX,0
Q9NU22,3487,VLRGLGKLILKRSGGKELEGKGQKACPTREQLLMNALLYLR,0
Q08211,1073,AISAKGMTLVTPLQLLLFASKKVQSDGQIVLVDDWIKLQIS,0
Q9H8G1,502,EKPYKCEECGKAFNQFSNLTKHKITHIGDTSYKYLECDKAF,0
Q92609,747,ARGSFSGQAQPLRTLRSTSGKSQAPVCSPLVFSDPLMGPAS,0
M0R0Q7,36,KAKKPEKEASNSSRETEPPPKAALKEWNGVVSESDSPVKRP,0
A0A075B784,259,TLVHQIFGGYLRSRVKCSVCKSVSDTYDPYLDVALEIRQAA,0
A0A0A0MRP6,993,YEELRQCVRNAPQFRFDWFIKSRTAMEFQRRCNTLISLIEK,0
O00291-3,761,EEGSLENADSTAMRNCLSKIKAIGEELLPRGLDIKQEELGD,0
E9PKP7,525,ERELSEMRAPPAATNSSKKMKFQGEPKKPPMNGYQKFSQEL,0
O43719,239,QLKGEYDASKKKKKCKDYKKKLSMQQKQLDWRPERRAGPSR,0
Q9UQ35-2,256,SKRKSKDKKRKRSRSTTPAPKSRRAHRSTSADSASSSDTSR,0
A0A024R968,1108,RGQILWFRGLNRIQTQIKVVKAFHSSLHESIQKPYNQKSIH,0
M0R0Q7,54,PPKAALKEWNGVVSESDSPVKRPGRKAARVLGSEGEEEDEA,0
Q96I25,46,LQSQLQVKKAALTQAKSQRTKQSTVLAPVIDLKRGGSSDDR,0
O00291-3,617,ELQDTQLKLASTEESMCQLAKDQRKMLLVGSRKAAEQVIQD,0
Q5VTR2,690,SKAELEDLRQRLKDLEDKEKKENKKMADEDALRKIRAVEEQ,0
P09661,165,LDFQKVKLKERQEAEKMFKGKRGAQLAKDIARRSKTFNPGA,0
O60506,221,LNRGYAFVTFCTKEAAQEAVKLYNNHEIRSGKHIGVCISVA,0
Q8IY81,386,EQLNQTLAEMKAQEVAELKRKKKKLLREQRKQRERVELKMD,0
P08397-4,26,VGTRKSQLARIQTDSVVATLKASYPGLQFEIIAMSTTGDKI,0
Q08945,461,YADSDEDQHDAYLERMKEEGKIREENANDSSDDSGEETDES,0
P15121,240,WAKPEDPSLLEDPRIKAIAAKHNKTTAQVLIRFPMQRNLVV,0
Q96QD8,60,HYADVDPENQNFLLESNLGKKKYETEFHPGTTSFGMSVFNL,0
A0A024R914,1864,QKLKKMRSRMDEKFLTKREQKLMQRRQHAEELLEWKRRLDA,0
Q9UKJ3,1156,PPSLGNKPVLPLIGKLPATRKPNKKCEESGLERGEEQEQSE,0
O60841,207,GDESDEFLQSRKGQKKNQKNKPGPNIESGNEDDDASFKIKT,0
O75643,186,DTRYHVLVNLGKKITDYGGDKEIQNMDDNIDETYGVNVQFE,0
K7EL20,106,TFRIETRKASKAVARRKNWKKFGNSEFDPPGPNVATTTVSD,0
Q9NY61,311,GLQEELLFQYPDTRYLVDGTKPNAGSEEISSEDDELVEEKK,0
Q15365,31,NVTLTIRLLMHGKEVGSIIGKKGESVKRIREESGARINISE,0
A0A087WYN9,185,NLSDDALPEGFSQEFEEQQPKSRPKFQSPQIQATISPPLQP,0
P50748,373,SSLVQTGISTDTIYLLEGVCKNDPKLSEDSVSVLVLRCLTE,0
O60832,474,ESDETPPAAPQLIKKEKKKSKKDKKAKAGLESGAEPGDGDS,0
D3DPF9,22915,HTNATIRNTEFTVPDLKMGQKYSFRVAAVNVKGMSEYSESI,0
Q09666,3744,SEGKFKGPKFKIPEMHLKAPKISMPDIDLNLKGPKVKGDVD,0
P35659,314,QNSSKKESESEDSSDDEPLIKKLKKPPTDEELKETIKKLLA,0
A0A0A0MRP6,862,TQGFTNWTKRDFNQFIKANEKYGRDDIDNIAREVEGKSPEE,0
B4E2L0,390,GDTSNFDDYEEEDIRVSITEKCAKEFGEFXXXXXXXXXXXX,0
H0YIQ2,1577,QDAAIEEVEMEDFDANIEEQKEEKKDAEEEESELTSWMAXX,0
Q9Y2X3,493,EEKVAEEEETSVKKKKKRGKKKHIKEEPLSEEEPCTSTAIA,0
P30041,142,KDEKGMPVTARVVFVFGPDKKLKLSILYPATTGRNFDEILR,0
D3DPF9,26177,RVTEKAVTSPPRVKSPEPRVKSPEAVKSPKRVKSPEPSHPK,0
O60841,94,ADRETVAVKPTENNEEEFTSKDKKKKGQKGKKQSFDDNDSE,0
E9PAV3,1054,TPPAATPPSPKGSPAATPLPKGAPTTPAATLPSPKGGPATP,0
Q9H501,569,EIEEELQGDDGVNVEEDGKTKKSQKDDEEQIAKYRQLLQVI,0
Q14204,411,QLLKVLGTRKLMHVAYEEFEKVMVACFEVFQTWDDEYEKLQ,0
Q9NZM1-6,313,HAVMRKWLLLNDPEDTSSGSKGYMKVSMFVLGTGDEPPPER,0
D3DPF9,11151,PKDDGGSPVINYIVEKQDTRKDTWGVVSSGSSKTKLKIPHL,0
Q9Y5K6,391,EKSTLEQKPSKPAAPQVPPKKPTPPTKASNLLRSSGTVYPK,0
Q8WWQ0,1658,GPGRKPKVEVNTNSGEIIHKKRGRKPKKLQYAKPEDLEQNN,0
Q14966-3,1211,FTENAEECALNQQMFNSDLEKKGAEIINPKTALLPSDSVFA,0
Q9H7R0,324,VSSSLRIHERTHTGEKPYECKQCGKAFHHLGSFQRHMIRHT,0
P56715,1939,PILTVIIQPMNEEDRGFAYRKESDIENFLGFYLWMKIHPYL,0
Q13523,315,PVDLRGKSKDRRSRSKERKSKRSETDKEKKPIKSPSKDASS,0
A0A0C4DG89,765,VPPDLEKLWSDFKDQQKAEGKIIKKSSGFSGKGFKFDETEQ,0
Q8WTT2,41,KVKLENKLKNKQFKQQSTLKKYRKEQRKLRQAVKDAVSKKP,0
P56715,853,FYAPQSQAEVASGYLRGMAKKSLVSKVTDSHITLKSQKKRK,0
A0A0A0MRP6,921,EKIMAQIERGEARIQRRISIKKALDAKIARYKAPFHQLRIQ,0
Q14573,145,LHMKSNKYLTVNKRLPALLEKNAMRVTLDATGNEGSWLFIQ,0
Q9NYB0,398,REALVKKFGAQNVARRIEFRKKXXXXXXXXXXXXXXXXXXX,0
Q14008-2,1614,RIEDLEEGQQVIRSVNLLVVKVLEKSDQTNILSALLVLLQD,0
Q9Y4X5,342,KWIKKCDDDSETSNWIAANTKECPKCHVTIEKDGGCNHMVC,0
Q9HB71,47,DALTAEKSKIETEIKNKMQQKSQKKAELLDNEKPAAVVAPI,0
P78316,853,VKQLFNSLATQEGEWKALKRKKFKKXXXXXXXXXXXXXXXX,0
P56715,698,QQAINSRYQDGQLATKGILNKNERINTKGRITKEMIVQDSD,0
O75554-2,100,IPPTSTSNQQKEKKEKKKRKKDPSKGRWVEGITSEGYHYYY,0
B4E3D9,110,QMSRKEKAHHRKDEKRKEKRKHARVKEKEREHERRKRHREE,0
P25205,547,LATDDPNFSQEDQQDTQIYEKHDNLLHGTKKKKEKMVSAAF,0
E9PAV3,291,SPPAALSLSTQSLPVVTSSQKTAGPNTPPDFPISLGSHLAP,0
Q76MU0,292,KFGVQSERQDSAAVGFDYKEKLAKHESQQDYSKGFGGKYGV,0
A0A2R8Y5J0,864,SIDWACLIVDEAHRLKNNQSKFFRVLNGYSLQHKLLLTGTP,0
Q6PJT7-5,617,CKAFPNCKFAEKCLFVHPNCKYDAKCTKPDCPFTHVSRRIP,0
A6NEM2,594,TTIVKTMAVTPGTTTLPATVKVASSPVMVSNPATRMLKTAA,0
D3DPF9,20988,PIRDLSMKDSTKTSVILSWTKPDFDGGSVITEYVVERKGKG,0
P35659,261,EESSDDEDKESEEEPPKKTAKREKPKQKATSKSKKSVKSAN,0
Q9Y2W1,371,EQKTENGKDKEQKQTNTDKEKIKEKGSFSDTGLGDGKMKSD,0
Q9BUQ8,313,RHQVQLLGRGFIAGIDLKQQKREQSRFYGDLMEKRRTLEEK,0
D3DPF9,15547,RVLAENEYGIGLPAETAESVKASERPLPPGKITLMDVTRNS,0
P46013,1731,AGFIELFQTPSHTKESMTNEKTTKVSYRASQPDLVDTPTSS,0
O95573,436,KMEQISKGRNTPLCDSFVFRKVRSLLGGNIRLLLCGGAPLS,0
Q5VTR2,821,VVRKLEEKEHLLQSNIGTGEKELGLRTQALEMNKRKAMEAA,0
Q14204,1729,MRVTLAKLLAESVTEVEIFGKATSIDPNTYITWIDKYQAQL,0
E7ET15,402,FNAQPRERLKNPNAPMLPPPKNKEDFEKTLSQAIVKVVIPT,0
Q9BZQ2,578,NSSKSTLGGVNMKVLPAPKLKMTNNHIYSNKGYGVSILQPM,0
Q9H501,481,SCSFIDLRFIPDDITFDDEPKDVASEVNLTAYKPKYFTSAA,0
Q99459,599,MITMLHYDLLHHPYEPSGNKKGKTVGFGTNNSEHITYLEHN,0
Q15413,2751,ELQGMVEVVAENYHNIWAKKKKLELESKGGGSHPLLVPYDT,0
P56715,791,QGLLTKRKSRSLNKISLGAPKKREIGQRDKVFPHNESKYCK,0
A0A087WYN9,622,STQVPHFLLEDLLLNEWEASKCNIVCTQPRRISAVSLANRV,0
Q8TAT6,32,PDGVKRITATKRETAATFLKKVAKEFGFQNNGFSVYINRNK,0
P00441,129,GDHCIIGRTLVVHEKADDLGKGGNEESTKTGNAGSRLACGV,0
A0A0A0MRP6,67,TAATEKGEKKKEKNVSSFQLKLAAKAPKSEKEMDPEYEEKM,0
A0A669KBA4,85,DDQYSRFSLENNFLLQHNIRKSKRNLQDNFQEDPIQMSMII,0
Q5VTR2,644,EIIKQLKIELKKAQESQKEMKLLLDMYRSAPKEQRDKVQLM,0
D3DPF9,24341,IKSPFEKPGAPGKPTITAVTKDSCVVAWKPPASDGGAKIRN,0
Q09666,4142,LHLKAPKISMPEVDLNLKGPKMKGDVDVSLPKVEGDLKGPE,0
M0R0Q7,22,QRSIMSFFHPKKEGKAKKPEKEASNSSRETEPPPKAALKEW,0
Q9P258,508,QVAMGYSHSLVIARDESETEKEKIKKLPEYNPRTLXXXXXX,0
Q14966-3,1806,GDNDLKVELAQSKNDHPTDKKGNRKKRAVDTKKTKLESLSQ,0
Q9NR09,4510,AATTSLRQANQEKKLGEYSKKAAMKPKPLSVLKSLEEKYVA,0
E9PAV3,1399,KGGPAMTPPSPKRGPAIPSPKGDPTSPAVIPLSPKKAPATP,0
O75369,429,KGNQVYRCVYKPMQPGPHVVKIFFAGDTIPKSPFVVQVGEA,0
P26639,84,LKAEHDSILAEKAEKDSKPIKVTLPDGKQVDAESWKTTPYQ,0
O60506,252,KHIGVCISVANNRLFVGSIPKSKTKEQILEEFSKVTEGLTD,0
Q9P0L0,26,GAMAKHEQILVLDPPTDLKFKGPFTDVVTTNLKLRNPSDRK,0
A0A2R8YD30,53,HLNLLEEDYFGLAIWDNATSKTWLDSAKEIKKQVRGVPWNF,0
Q93034,37,DKWDFMRPIVLKLLRQESVTKQQWFDLFSDVHAVCLWDDKG,0
Q09666,2514,VDVNAPDVQAPDWHLKMPKMKMPKFSMPGFKAEGPEVDVNL,0
P08670,143,FLEQQNKILLAELEQLKGQGKSRLGDLYEEEMRELRRQVDQ,0
O75976,36,LLLLMCLLLLGSSARAAHIKKAEATTTTTSAGAEAAEGQFD,0
P61088,68,EGGTFKLELFLPEEYPMAAPKVRFMTKIYHPNVDKLGRICL,0
P60903,96,IAGLTIACNDYFVVHMKQKGKKXXXXXXXXXXXXXXXXXXX,0
A8K942,68,GHLLQDPIAPTNSTCQHYVCKTCKGKKMMMKPSCSWCKDYE,0
Q96JQ2,324,EVPIESTFVRIKETPSEQESKVFVLTENGERTYTVNHETSH,0
M0R0Q7,59,LKEWNGVVSESDSPVKRPGRKAARVLGSEGEEEDEALSPAK,0
D3DPF9,20864,KYILTIENGVGEPKSSTVSVKVLDTPAACQKLQVKHVSRGT,0
Q02952,238,PSLGAGEAASKESEPKQSTEKPEETLKREQSHAEISPPAES,0
P50748,1756,LKKLHIQYRRSGTEAVLIAHKLNTEEYLRVIGKPAHLIVSL,0
Q8TEW0-4,1009,DRKKDKTGKEKKKDRDKEKDKMKAKKGMLKGLGDMFRIQAK,0
Q09666,1842,VEAEVPDVDLECPDAKLKGPKFKMPEMHFKAPKISMPDVDL,0
D3DPF9,1462,TFWFHDGQQIVNDYTHKVVIKEDGTQSLIIVPATPSDSGEW,0
P08238,411,SREMLQQSKILKVIRKNIVKKCLELFSELAEDKENYKKFYE,0
Q9NVB8,3,XXXXXXXXXXXXXXXXXXMRKRMMMAVTFSLTLRRRRKILR,0
E7EVA0,1757,GVRLPEPKDKILETPQKMTEKSESKTPGEGKKEDKSRMAEP,0
D3DPF9,12418,EQLLPPKILMPEQITIKAGKKLRIEAHVYGKPHPTCKWKKG,0
Q96HW7-2,182,TSHGVRNKCLQLLGNLGSLEKSVTKDAEGLAARDVQKIIGD,0
A6NHR9,732,GTPIGALRIEILNKKGEAMQKLPGTSHGGSKKLLVELKVIL,0
Q9UFH2,1154,ERQAATDNMFEPLKQTIELLKTYGEEMPEEIHLKLQELPEH,0
O43143,367,EEEGDLLLFLTGQEEIDEACKRIKREVDDLGPEVGDIKIIP,0
A0A024R914,1568,RQESPSVPSCKENEKKLNGEKIESSIDEQVQTAADDSLRSD,0
Q9UFH2,838,LDGRIANLNKRYAAVRDAGVKIQAMVAENAELFRADTLSLP,0
K9MS24,1622,AEAEAWMSEQELYMMSEEKAKDEQSAVSMLKKHQILEQAVE,0
A0A024R2J0,259,GADRKQKTDREKMEKRTAHEKEKYQPSYDTTILTECSPWPD,0
Q9Y2W1,603,PSGLLAQERKLCRDLVHSNKKEQEFRSIFQHIQSAQSQRSP,0
P35221,374,NAGRKERSDALNSAIDKMTKKTRDLRRQLRKAVMDHVSDSF,0
D3DPF9,19819,LSWDVPENDGGAPVKNYHIEKREASKKAWVSVTNNCNRLSY,0
P55060,800,NSKTTKFIKSFLVFINLYCIKYGALALQEIFDGIQPKMFGM,0
D3DPF9,26530,EVKKSAATSLEKSIVHEEITKTSQASEEVRTHAEIKAFSTQ,0
P49756,825,QSILDDVAMVLDEEAEVFIVKMWRLLIYETEAKKIGLVKXX,0
Q86VP6,1217,EFQSQISSNPELAAIFESIQKDSSSTNLESMDTSXXXXXXX,0
O75643,60,VLSLVGKLEGTRMGDKAQRTKPQMQEERRAKRRKRDEDRHD,0
Q8WTT2,40,SKVKLENKLKNKQFKQQSTLKKYRKEQRKLRQAVKDAVSKK,0
Q99459,47,GKNQWSRIASLLHRKSAKQCKARWYEWLDPSIKKTEWSREE,0
O60841,224,QKNKPGPNIESGNEDDDASFKIKTVAQKKAEKKERERKKRD,0
P35221,238,VPILYTASQACLQHPDVAAYKANRDLIYKQLQQAVTGISNA,0
Q8WTT2,465,KKFMTFKEKRKSLSRMQRKWKKAEEKLERELREAEASESTE,0
Q8NI27,58,DSSTYRDFQQALYELSYHVIKGNLKHEQASNVLSDISEFRE,0
Q96AG4,138,NPLDPVLAKVAGDCLDEKQCKQCANKVLQHMKAVQADQERE,0
Q09666,2013,DVDLHLKGPKVKGDMDVSVPKVEGEMKVPDVDIKGPKMDID,0
P47895,263,AISSHPQINKIAFTGSTEVGKLVKEAASRSNLKRVTLELGG,0
P33176,961,RGGGAFVQNSQPVAVRGGGGKQVXXXXXXXXXXXXXXXXXX,0
Q00610,806,DLVLYLYRNNLQKYIEIYVQKVNPSRLPVVIGGLLDVDCSE,0
Q9UPW5,1138,IGTRELEEMGAKFCVGLLRLKRLTSPLEYNLPSSLLDFEND,0
C9JKI3,34,HTKEIDLVNRDPKHLNDDVVKIDFEDVIAEPEGTHSFDGIW,0
Q9NU22,2753,TVKVDAPGLALLALHWHWVLKHLVHQIPRLLMNYEDKYYKE,0
D3DPF9,1977,RRTEEGYYEAITAVELKSRKKDESYEELLRKTKDELLHWTK,0
A0A2R8Y5J0,268,VPIRKAKTKEGKGPNARRKPKGSPRVPDAKKPKPKKVAPLK,0
P41252,494,DFEEVVCIGSVAELEELSGAKISDLHRESVDHLTIPSRCGK,0
O95104,433,EMEVEQPCIQEVKRHMSDNRKSRSRSASRSPKRRRSRSGSR,0
Q9UM54-6,562,HFTSAVHQKHKDHFRLTIPRKSKLAVHRNIRDDEGFIIRHF,0
Q13769,537,SRLVKWVTVAHEDYMELHFTKDIVDAGLAGDTNLYYMALIE,0
D3DPF9,14521,GYVIEAQRKGSDQWTHITTVKGLECVVRNLTEGEEYTFQVM,0
Q9NZM1-6,450,KFPSVCEKIKLTIYDWDRLTKNDVVGTTYLHLSKIAASGGE,0
A0A2R8Y5J0,1072,FSQMTKMLDLLEDFLEHEGYKYERIDGGITGNMRQEAIDRF,0
A0A0U1RQV4,770,QSQQKLEHLTGNKERMEDEVKNLTLQLEQESNKRLLLQNEL,0
Q14573,1181,PGEKSSENYQIVKGILERLNKMCGVGEQMRKKQQRLLKNMD,0
D3DPF9,8836,LDWKEPRSNGGSPIQGYIIEKRRHDKPDFERVNKRLCPTTS,0
Q01650,204,AVNCYSVKAATRVQDAFAAAKLLALALIILLGFVQIGKGDV,0
Q01094,183,QKRRIYDITNVLEGIQLIAKKSKNHIQWLGSHTTVGVGGRL,0
Q15413,2752,LQGMVEVVAENYHNIWAKKKKLELESKGGGSHPLLVPYDTL,0
P29317,282,CQAGYEKVEDACQACSPGFFKFEASESPCLECPEHTLPSPE,0
Q8WYQ5-3,510,ITLSVQDAPTKKEFVINPNGKSEVCILHEYMQRVLKVRPVY,0
H7C4L7,4,XXXXXXXXXXXXXXXXXXPSKTTGAPIYPGFPKVTEVHHEQ,0
M0R0Q7,191,EKEGEDGDQPTTPPKPLKTSKAETPTESVSEPEVATKQELQ,0
B4DQ79,31,WKAKSLLTKKEGFIPSNYVAKLNTLETEEWFFKDITRKDAE,0
Q15847,41,VSAAGAAAQQVVDQATEAGQKAMDQLAKTTQETIDKTANQA,0
A0A0A0MRP6,742,YREKQKLGMVEWIEPPKRERKANYAVDAYFREALRVSEPKI,0
A6H8Y5,622,TFSDEAVPESSKISQENEIGKKRELKEDSLWSAKEISNNDK,0
O95573,547,EILIGGQSVTMGYYKNEAKTKADFFEDENGQRWLCTGDIGE,0
Q709C8,975,VVSYLKKISLDYHEIEGSKRKPLHLISSSDKPGLDLLKVEY,0
H0Y9M2,945,WMFSICCTACDFVTMEEAEIKTHIGTKHTGEDRKTPSESNS,0
A0A024R914,347,RKVATAPPAPAYKGFNPSETKIRTPDGKVWQEAEFQNMSRE,0
Q92616,811,NMKRENKAYSFKEQIIELELKEEIKKKKGIKEEVQLTSKQK,0
Q9UQ35-2,215,DRGRRSESSSPRRERKKSSKKKKHRSESESKKRKHRSPTPK,0
Q02952,510,SKPPEGVVSEVEMLSSQERMKVQGSPLKKLFTSTGLKKLSG,0
D3DPF9,13488,TPSEITVVARDDVVAPDLDLKGLPDLCYLAKENSNFRLKIP,0
Q94AH6,667,RIKIPLPPVDERKKVVEDVDKDRRYAIDAAIVRIMKSRKVL,0
Q9Y5Q9,144,LEMVLNRETKKMMKEKRPRSKLPRALRGLMGEANIRFARGE,0
E9PEB5,161,GGLPERSCMLTGTPESVQSAKRLLDQIVEKGRPAPGFHHGD,0
Q8WUM4,164,EGLKIAAKHYQFASGAFLHIKETVLSALSREPTVDISPDTV,0
Q13428,1340,TELLEQERKKVVDTTKESSRKGWESRKRKLSGDQPAARTPR,0
Q9Y490,84,AGKALDYYMLRNGDTMEYRKKQRPLKIRMLDGTVKTIMVDD,0
A0A0A7M1X5,39,GGPTGARGEAARAVVKGPVGKPVRQPVKRLTRASVRGPRNV,0
D3DPF9,2750,VYGFRLGRLGASARLHVETVKIIKKPKDVTALENATVAFEV,0
A0A0C4DGA6,498,LIICPLSVLSNWIDQFGQHIKSDVHLNFYVYYGPDRIREPA,0
Q96J02,350,PGWEQRVDQHGRVYYVDHVEKRTTWDRPEPLPPGWERRVDN,0
Q9Y2Z0-2,204,EDYNLKLELLHPIIPEQSTFKVLSTKIEIKLKKPEAVRWEK,0
D3DPF9,1934,EVQKVDRPVDTTETKEVVKLKRAERITHEKVPEESEELRSK,0
Q15417-3,71,GLKDGIILCELINKLQPGSVKKVNESSLNWPQAKTKGFHTT,0
P10412,207,SPAKAKAVKPKAAKPKTAKPKAAKPKKAAAKKKXXXXXXXX,0
Q06830,92,QVIGASVDSHFCHLAWVNTPKKQGGLGPMNIPLVSDPKRTI,0
Q9Y2U8,438,ASSSLRINHANHTGSNHTYLKNTYNKPKLSEPEEELLQQFK,0
B7Z4N6,3,XXXXXXXXXXXXXXXXXXMAKTAMAYKEKMKELSMLSLICS,0
B7ZMJ9,2839,IAQVRGKAQQEQAAHQASLRKEQLRVDALERTLEQKNKEIE,0
Q86VP6,444,PLTMLQSQVPNIVKALHKQMKEKSVKTRQCCFNMLTELVNV,0
P63279,154,YTIYCQNRVEYEKRVRAQAKKFAPSXXXXXXXXXXXXXXXX,0
P61254,116,HVGIHPSKVVITRLKLDKDRKKILERKAKSRQVGKEKGKYK,0
A0A0A0MRP6,764,NYAVDAYFREALRVSEPKIPKAPRPPKQPNVQDFQFFPPRL,0
Q4G0J3,222,KTVKNKPIPALRVVEEKKKKKKKKGRMKKEDNIQAKEENMD,0
A0A0C4DG89,824,SDDEDAAVDIDEQIESMFNSKKRVKDMAAPGTSSVPAPTAG,0
P11387,46,DKHKDREHRHKEHKKEKDREKSKHSNSEHKDSEKKHKEKEK,0
Q53GG0,577,PPEDEISKPEVPEDVDLDLKKLRRSSSLKERSRPFTVAASF,0
Q9NZM1-6,934,HTEFTDEVYQNESRYPGGDWKPAEDTYTDANGDKAASPSEL,0
Q08945,524,SSNEGDSDRDEKKRKQLKKAKMAKDRKSRKKPVEVKKGKDP,0
O00566,620,EKSSVDQAGKYSKTVASEKLKQLTKTGKASFIKDEGKDKAL,0
Q8WWQ0,918,EKKKVNEEKDGPISPKKKKPKERKQKRLAVGELTENGLTLE,0
A0A024R968,302,IILTLLGVNEDDEGEKKKKGKKQGVPENRNKAKTQDGVALE,0
P49321,734,HLVRKKRKPEEESPRKDDAKKAKQEPEVNGGSGDAVPSGNE,0
Q9UFH2,3864,NFVEEKMGSKFVEGRSVEFSKSYEESSPSTSIFFILSPGVD,0
Q96J02,66,TVDGQSKKTEKCNNTNSPKWKQPLTVIVTPVSKLHFRVWSH,0
B7ZMJ9,566,PPGPTDGAKVHEDSTSPAVAKEGSRSPGDSPGGKEEAPEPP,0
Q09666,2401,FKAPKISMPDLDLHLKSPKAKGEVDVDVPKLEGDLKGPHVD,0
P61201,213,QLLEIYALEIQMYTAQKNNKKLKALYEQSLHIKSAIPHPLI,0
Q14573,569,YQHMFRLCYRVLRHSQEDYRKNQEHIAKQFGMMQSQIGYDI,0
D3DPF9,4823,VVEVIRDWLVKPIRDQHVKPKGTAIFACDIAKDTPNIKWFK,0
P61011,341,KLKHGQFTLRDMYEQFQNIMKMGPFSQILGMIPGFGTDFMS,0
A8K7M3,200,SPTGHSLKTLDLLTMKNLDSKVNIIPVIAKADTVSKTELQK,0
Q96KP4,461,DDGAHSQNEKLNRYNYIEGTKMLAAYLYEVSQLKDXXXXXX,0
Q7Z4V5,317,PPSSSSSDSDSDEVDRISEWKRRDEARRRELEARRRREQEE,0
D3DPF9,23334,LELKNVTGTTSETIKVIILDKPGPPTGPIKIDEIDATSITI,0
O43592,737,EEVLPFIPSASEHMLKDCEAKDLQEFIPLINQITAKFKIQV,0
A8K124,827,GSKNIVSCDSNIGADKVEKKKQIQHVCQEMELKMCQSSENI,0
Q6AI50,753,EIKTDFSLSISNSSDVSAKDKHAEDNEKRLAALEARQKAKE,0
Q6AI50,901,MDSRFLETDSEEEQEEVNEKKTAEEEELAEEKKKALNVVQS,0
Q5JR95,37,KRKPYHKKRKYELGRPAANTKIGPRRIHTVRVRGGCTRKTR,0
Q9HCH5,17,XXXXMIDLSFLTEEEQEAIMKVLQRDAALKRAEEERVRHLP,0
P06744,57,FNHFSLTLNTNHGHILVDYSKNLVTEDVMRMLVDLAKSRGV,0
H0Y9M2,634,SYVFSPESEVSAPGVSEDALKPQEGKGSVLRRDVSVKAASE,0
A8K124,728,VVMRKVSVCIPTSEHLSELKKEAPAKEQEPVSKEIARPNMA,0
Q8TEW0-4,994,LERQMNGNQEKGDKTDRKKDKTGKEKKKDRDKEKDKMKAKK,0
P11388,1096,VLIQRGYDSDPVKAWKEAQQKVPDEEENEESDNEKETEKSD,0
Q9Y450-4,591,IKRLISVLNKSTGEVTKKKPKFLTKGQNALVELQTQRPIAL,0
A0A024R968,517,LPKVLDLIVNGISINSAYTSKILPPEKEGGLPRQVGNKTEC,0
A8K124,466,ATPYMHHYMKHQKKGIHRCTKCRLQFLTCKEKMDHKTQHHR,0
Q9UBC2,410,SQEIAQLQREKYSLEQDIREKEEAIRQKTSEVQELQNDLDR,0
Q94AH6,246,ECLKKERERVAHYLHSSSEPKLVEKVQHELLVVFASQLLEK,0
Q9UQ35-2,329,PFSEPGTTSTQRPSSPETATKQPSSPYEDKDKDKKEKSATR,0
G5EA36,319,QNYTNTPPVIDVPSTGAPSKKSVARIGQTGTKSVFSQSGNS,0
Q9UKJ3,1160,GNKPVLPLIGKLPATRKPNKKCEESGLERGEEQEQSETEEG,0
Q03701,1054,KKKHFKKKRIKTTQKTKKQRKXXXXXXXXXXXXXXXXXXXX,0
H3BND4,586,LLKKLNELESDLTFKIGPEYKSMKSCLYVGMASDNVDAAEL,0
A0A024R914,2063,TTSDQSDIEGRIRALKDELRKRKSVVNQLKKEQKKRQKERL,0
P49756,289,MEEDKRDLISREISKFRDTHKKLEEEKGKKEKERQEIEKER,0
Q00610,96,ASKVIALKAGKTLQIFNIEMKSKMKAHTMTDDVTFWKWISL,0
A0MZ66,458,SSKGCESAVDELKGILGTLNKSTSSRSLKSLDPENSETELE,0
Q9UQ98,1050,GVSVIRAFEEQERFIHQSDLKVDENQKAYYPSIVANRWLAV,0
D3DPF9,15097,LSWFPPLDDGGAKIDHYIVQKRETSRLAWTNVASEVQVTKL,0
Q709C8,154,EFIYGLENFVYKDIKPGRKRKKHKKHFKKPFKGLDRSKDKP,0
P62851,17,XXXXMPPKDDKKKKDAGKSAKKDKDPVNKSGGKAKKKKWSK,0
Q13111,702,QPVKIGCVWAADRDCAGDDLKVLQQFAACFLETLPAQEEQT,0
Q9NR09,850,MNYATRIVTLEEEPIKIQHIKDPQDTITSLILLPPDILDNR,0
D3DPF9,25470,STKTVKGEFRLEIEEKKEERKLRMPYDVPEPRKYKQTTIEE,0
A0A2R8Y5J0,949,MLGPHMLRRLKADVFKNMPSKTELIVRVELSPMQKKYYKYI,0
Q13523,79,HSSEEDKDKKHKHKHKHKKHKRKEIIDASDKEGMSPAKRTK,0
Q5VTR2,880,DFQDEIVENSVTKEKDMFNFKRAQEDISRLRRKLETTKKPD,0
Q8IY81,787,VVNTVDISEREKVAQLRSLYKKAGLGKEKRHVTYVVAKKGV,0
D3VVD7,85,PSGNMDDSGFFSIQVISNALKVWGLELILFNSPEYQRLRID,0
P62136,305,VDETLMCSFQILKPADKNKGKYGQFSGLNPGGRPITPPRNS,0
Q15413,1619,PGLLRSGFYDLLISIHLASAKERKLMMKNEYIIPITSTTRN,0
J3KS05,43,VEKVLDRRVVKGKVEYLLKWKGFSDEDNTWEPEENLDCPDL,0
E5RJU9,311,KRKTEPSAWSQDTGDANTNGKDWGRSWSDRSIFSGIDGLSS,0
H3BND4,191,AIHSRYEDFVVDGFNVLYNKKPVIYLSAAARPGLGQYLCNQ,0
Q93074-3,124,LVTARSQSAINTWFTDLAGTKPLTQLAKKVPIFSKKEEVFG,0
Q9H8G1,520,LTKHKITHIGDTSYKYLECDKAFSQSSTLTKHKVIHTGEKP,0
Q92769,32,VCYYYDGDIGNYYYGQGHPMKPHRIRMTHNLLLNYGLYRKM,0
E7EU81,775,DNLLTEQIHSLSIEAKSKDVKIEVLQNELDDVQLQFSEQST,0
P49792,1277,NAGSDRSFVWHALDYADELPKPEQLAIRFKTPEEAALFKCK,0
Q15942,322,LSAGTGSPQPPSFTYAQQREKPRVQEKQHPVPPPAQNQNQV,0
P19338,537,NQNGKSKGYAFIEFASFEDAKEALNSCNKREIEGRAIRLEL,0
Q08211,1007,NLDVVISLLAFGVYPNVCYHKEKRKILTTEGRNALIHKSSV,0
B3KUB6,229,GLLIYRDRLRINRFAWPKILKISYKRSNFYIKIRPGEYEQF,0
Q59G46,274,RISYFTFIGTPVQATNMNDFKRVSLLKXXXXXXXXXXXXXX,0
Q9NR09,893,DCEEPIEDMQLTSKNGFEREKTSDISTLGHLVITTQGGYVK,0
Q6AI50,277,RTCDSITPSKSSPVPVSDTQKLKNLPFKTSGLETAKKRNSI,0
Q9NU22,616,VIGSKLNISRKKAEFFCQLYKPEIVINELDLQVGRVRLLRK,0
D3DPF9,5865,VIHDCTPEDIKTYTCDAKDFKTSCNLNVVPPHVEFLRPLTD,0
Q14573,1191,IVKGILERLNKMCGVGEQMRKKQQRLLKNMDAHKVMLDLLQ,0
O43395,334,RVSIAPSQRQRRTFKFHDKGKFEKIAQRLRTKAQLEKLQAE,0
H3BND4,677,RQIPVVGSVLNWFSPVQALQKGRTFNLTAGSLESTEPIYVY,0
Q709C8,1065,SDDQSISVAKEVQISTEKQQKNSTLPKAIVSSRDSDIIDFR,0
Q16537-2,66,TPLPLLKDVPSSEQPELFLKKLQQCCVIFDFMDTLSDLKMK,0
A0A024R914,2102,RLKAQEASLIKQLESYDEFIKKTEAELSQDLETSPTAKPQI,0
Q8TF01,772,SGSDSSGRSSSESPGSSKEKKAKKPKHSRSRSVEKSQRSGK,0
A0A0C4DG89,281,VTKVVTVVTTKKAVVDSDKKKGELMENDQDAMEYSSEEEEV,0
D6RAW6,85,YGLENSKEYLSENEPWVDKYKPETQHELAVHKKKIEEVETW,0
Q9Y6Y8,731,ASEKKAVAATSTKGQEQSAQKTKDMASLPSESNEPKRKLPV,0
Q9HCH5,510,EEPSPVLKTLERSAARKMPSKSLEDISSDSSNQAKVDNQPE,0
A0A024R914,2562,YDGIAYFECKEKHGIFAPPQKISHIPENFDDYVDINEDEDC,0
B2RAH5,197,MLRDARQWLNSGHINDVRHAKSGGTALHVAAAKGYTEVLKL,0
Q14974,831,TDGVVACAAGLIGDLCTAFGKDVLKLVEARPMIHELLTEGR,0
D3DPF9,2320,TCKLKMKPRPIAILQGLSDQKVCEGDIVQLEVKVSLESVEG,0
A7E2F7,927,KEQKLKDDIRGLREKLTGLDKEKSLSDQRRYSLIDPSSAPE,0
Q709C8,178,KHFKKPFKGLDRSKDKPKEAKKDTFVEKLATQVIKNVQVKI,0
Q9NR09,925,ITTQGGYVKILDLSNFEILAKVEPPKKEGTEEQDTFVSVIY,0
B3KY28,39,KRSRGQVLFDKVCEHLNLLEKDYFGLTYRDAENQKNWLDPA,0
O00410,775,KAIGTEPDSDVLSEIMHSFAKCIEVMGDGCLNNEHFEELGG,0
Q15413,1862,KFRYNELMQALNMSAALTARKTKEFRSPPQEQINMLLNFQL,0
Q08945,592,ISITDLSKKAGEIWKGMSKEKKEEWDRKAEDARRDYEKAMK,0
A0A024R914,3000,KEIFEEIFAEDPNLNQPVWMKPCRINSSYFRRVKNPNNLDE,0
P52701,189,KPEILRAMQRADEALNKDKIKRLELAVCDEPSEPEEEEEME,0
Q13813,610,NEKMKTATDEAYKDPSNLQGKVQKHQAFEAELSANQSRIDA,0
Q9NX58,73,SEDQKYGGKGYEGKTHKGDIKQQAWIQKISELIKRPNVSPK,0
D3DPF9,17178,PTIEWLRGDKEIEESARCEIKNTDFKALLIVKDAIRIDGGQ,0
O15371,215,CCGALEYYDKAFDRITTRSEKPLRSIKRIFHTVTTTDDPVI,0
P46013,977,KCAPMSDLTDLKSLPDTELMKDTARGQNLLQTQDHAKAPKS,0
Q5VTR2,808,VLTLKTQVDAQLQVVRKLEEKEHLLQSNIGTGEKELGLRTQ,0
Q4G0J3,160,WIERVFGKCGNVVYISIPHYKSTGDPKGFAFVEFETKEQAA,0
E9PMV1,416,AGQLKVPPGYHPLDVEKEWGKLHVAILEREKQLRSEFERLE,0
D3DPF9,17285,SRLAWTVVASEVVTNSLKVTKLLEGNEYVFRIMAVNKYGVG,0
A8K942,429,KKSHEHGSKKSHSKTKPGILKKDKAVKEKIPSHHFMPGSPT,0
D3DPF9,26260,CVVESSVLRAKEVTWYKDGKKLKENGHFQFHYSADGTYELK,0
Q96J02,807,EIDLNDWQRHAIYRHYARTSKQIMWFWQFVKEIDNEKRMRL,0
A7E2F7,426,YVAEAEEKLQRARLLVESVRKEKVDLSNQLEEERRKVEDLQ,0
A6NEM2,762,SGAGTKPTILGISSVSPSTTKPGTTTIIKTIPMSAIITQAG,0
Q9H0H5,394,EQRGLTETGLYRISGCDRTVKELKEKFLRVKTVPLLSKVDD,0
D3DPF9,25232,FGVTITVHPEPHVTWYKSGQKIKPGDNDKKYTFESDKGLYQ,0
B4DMR0,84,IEDIQQKITVLSQCDSPYVTKYYGSYLKDTKLWIIMEYLGG,0
D3DPF9,25722,EREDEELLRPVTTTQHLSEYKSELDFMSKEEKSRKKSRRQR,0
Q709C8,1108,AKLNAFCVIVCNEKNNIAEIKIQGLDSSLSLQSRKQSLFAR,0
Q6AI50,395,EYDSGDTDEIIAMKKNVAKVKNSTEFSQMEKSTKKTSFKNR,0
E9PIF2,179,EVLRKVGKNHDFSAGLIIGGKDLKHEAERINNINILVCTPG,0
Q15424,613,KSASREKRSVVSFDKVKEPRKSRDSESHSRVRERSEREQRM,0
A0A2R8YD30,215,KDLEGVDIILGVCSSGLLVYKDKLRINRFPWPKVLKISYKR,0
D3DPF9,4960,RPSPTCEIKAEGGKRFLTLHKVKLDQAGEVLYQALNAITTA,0
Q92609,274,FSQLMETAEPWFSTFEHDGQKGKETLMTPIPFARPQDLGPT,0
Q15417-3,186,KGASQAGMLAPGTRRDIYDQKLTLQPVDNSTISLQMGTNKV,0
Q96IE3,923,TAQKLRDVGAYSKYLTCPKTKLKISYKDALDRSMVEEGTGL,0
Q9NVB8,32,SLTLRRRRKILRTLKKILDLKEADLHRLQMSWLPASRGMPW,0
F5GWF6,503,LITTPVKHSHVLSIFGPVSSKVVFERYSIKEDCGICLSVPI,0
O60841,252,KAEKKERERKKRDEEKAKLRKLKEKEELETGKKDQSKQKES,0
Q96QD8,3,XXXXXXXXXXXXXXXXXXMKKAEMGRFSISPDEDSSSYSSN,0
Q15424,370,SKEDGRKFDFDACNEVPPAPKESSTSEGADQKMSSPEDDSD,0
P37837,97,EDQIKNAIDKLFVLFGAEILKKIPGRVSTEVDARLSFDKDA,0
Q96I25,269,REGQGLGKHEQGLSTALSVEKTSKRGGKIIVGDATEKDASK,0
Q12906,127,DLDLELVLLCKEKPTTALLDKVADNLAIQLAAVTEDKYEIL,0
A7E2F7,561,AEVDKLRAANEKYAQEVAGLKDKVQQATSENMGLMDNWKSK,0
Q99832,280,VEDYQAIVDAEWNILYDKLEKIHHSGAKVVLSKLPIGDVAT,0
Q9Y5K6,572,PSSASKANTTAFLTPLEIKAKVETDDVKKNSLDELRAQIIE,0
D3DPF9,3080,QKEKYVHRLLIPSTRMSDAGKYTVVAGGNVSTAKLFVEGRD,0
B2RU06,520,ANLSQNLEAAAATQVAVSVPKRRRKIKELNKKEAVGDLLDA,0
O00410,586,LAVGKEKFMQDASDVMQLLLKTQTDFNDMEDDDPQISYMIS,0
Q8WWQ0,1443,SDYKSALRFHKRNTITKRRKKRNRSSSVSSSAASSPERKKR,0
Q6PH85,108,QFCDDLSLDPASISVLVIAWKFRAATQCEFSRKEFLDGMTE,0
Q8WWQ0,548,HFACTDSHGHLLIFGFGSSSKYDKIADQMFFHSDYRPLIRD,0
Q99808,381,LPSLVLARLVFVPLLLLCNIKPRRYLTVVFEHDAWFIFFMA,0
Q7Z6Z7-2,683,VDELMRHQPTLKTDATTAIIKLLEEICNLGRDPKYICQKPS,0
E9PAV3,1379,GPTTPSSKEGPTPPAATPSHKGGPAMTPPSPKRGPAIPSPK,0
Q9HB40,47,AVIDWPTEEGKEVWDYVTVRKDAYMFWWLYYATNSCKNFSE,0
D3DPF9,17046,PPGTPEPIMVKRNEITLQWTKPVYDGGSMITGYIVEKRDLP,0
D3DPF9,12551,IVEKCDVSRGDWVTALASVTKTSCRVGKLIPGQEYIFRVRA,0
A0A087WX19,522,RRDAAARVLQAQWKVYKHKKKKAVLDEAAVVLQAAFRGHLT,0
P26373,42,VATWFNQPARKIRRRKARQAKARRIAPRPASGPIRPIVRCP,0
P49441,269,NTGSEAAFSPSFSAVISTSEKETIKAALSRVCGDRIFGAAG,0
Q14683,1214,YTKAESLIGVYPEQGDCVISKVLTFDLTKYPDANPNPNEQX,0
Q8NI27,1476,DKKDLDKSRERSREREKKDEKDRKERKRDHSNNDREVPPDL,0
A0A024R914,2357,DMNHSPNIQSGKDIHEQKNTKEKDLSWSEHLFAPKEIPYSE,0
B4DQZ7,299,SQGLKEKSKSPSPPRLTEDRKKASLVALPEQTASEEETPPP,0
Q9UFH2,2649,VAAALALHQKITATFLPTAIKFHYVFNLRDLSNIFQGLLFS,0
Q7KZF4,413,LYDIPYMFEAREFLRKKLIGKKVNVTVDYIRPASPATETVP,0
P29317,686,IMGQFSHHNIIRLEGVISKYKPMMIITEYMENGALDKFLRE,0
D3DPF9,21696,ARPESDGGSEIQQYILERREKKSTRWVKVISKRPISETRFK,0
Q5VTR2,596,KEREREREREKEKEREREKQKLKESEKERDSAKDKEKGKHD,0
Q92769,248,PMRDGIDDESYGQIFKPIISKVMEMYQPSAVVLQCGADSLS,0
Q709C8,56,VALDNLQIKENALSELDVPFKVKAGQIDKLTLKIPWKNLYG,0
Q9UPW5,660,VPEYSEVAYPDYFGHIPPPFKEPILERPYGVQRTKIAQDIE,0
G3V1L9,194,RSVASSQPAKPTKVTLVKSRKNEEYGLRLASHIFVKEISQD,0
O75643,2127,YFMSDAYMGCDQEYKFSVDVKEAETDSDSDXXXXXXXXXXX,0
D3DPF9,21041,CEIEVSQLKEQSVLEFRVFAKNEKGLSDPVTIGPITVKELI,0
Q9NU22,2883,QAWGLILRANILEDVSLDELKNFVHAQCLELKAKGLSLGFL,0
Q01970,27,GVHALQLEPPTVVETLRRGSKFIKWDEETSSRNLVTLRVDP,0
A8K124,593,KYKPKISNMQKKQSTLASSNKKSKVNTALRNLRYRRGIHKC,0
Q13813,969,LREQAQSCRQQVAPTDDETGKELVLALYDYQEKSPREVTMK,0
Q9UKJ3,1319,DASLAPLESQPITFTPEEMEKYSKLQQAAQQHIQQQLLAKQ,0
Q9Y5B9,866,ERVQFHLKNFDMVIVYKDYSKKVTMINAIPVASLDPIKEWL,0
P49756,164,LRLLHDLQIGEKKLLVKVDAKTKAQLDEWKAKKKASNGNAR,0
A0A2R8Y5J0,648,PYDQASWESEDVEIQDYDLFKQSYWNHRELMRGEEGRPGKK,0
Q9HCH5,713,NPVYNEILRYKIEKQILKTQKLNLSIWHRDTFKRNSFLGEV,0
D3DPF9,21697,RPESDGGSEIQQYILERREKKSTRWVKVISKRPISETRFKV,0
P61011,114,WTPTKGKQNVIMFVGLQGSGKTTTCSKLAYYYQRKGWKTCL,0
Q96KP4,186,EESGSEGLDELIFARKDTFFKDVDYVCISDNYWLGKKKPCI,0
B4DQ79,249,ITEYMAKGSLLDFLKSDEGGKVLLPKLIDFSAQIAEGMAYI,0
G3V1L9,733,VDRLNYAQWYPIVVFLNPDSKQGVKTMRMRLCPESRKSARK,0
P53992,654,ECAGKLFLFHTSLPIAEAPGKLKNRDDRKLINTDKEKTLFQ,0
P41252,248,WTLPSNLAVCVNPEMQYVKIKDVARGRLLILMEARLSALYK,0
Q02952,637,VTPKKRVRRPSESDKEDELDKVKSATLSSTESTASEMQEEM,0
Q7Z6Z7-2,251,KISESPSEIMESLTKMYSIPKDKQMLLFTHIRLAHGFSNHR,0
O43252,39,NWGMQRATNVTYQAHHVSRNKRGQVVGTRGGFRGCTVWLTG,0
P56715,589,TISNNSIVEEDVVDCVVLDNKTGIKNFKTYGNTNDRFSPIS,0
B7ZMJ9,846,SEKHFQPSQAQPETSIFDVLKEQAQPPENGKETSPSHPGFK,0
P62136,234,QGWGENDRGVSFTFGAEVVAKFLHKHDLDLICRAHQVVEDG,0
Q96J02,889,HTCFNRLDLPPYKSYEQLKEKLLFAIEETEGFGQEXXXXXX,0
D3DPF9,557,TRISEEITKKQKQVTQEAIMKETRKTVVPKVIVATPKVKEQ,0
Q86UQ4-6,2117,CIPEVAGDLIRRLHLEAHADKPVATYSGGTKRKLSTALALV,0
Q9BZQ2,309,DIQDGTIPGPIAQRFKKTLEKYKNKRVELIEYQSNIKEDPS,0
Q6AI50,409,KNVAKVKNSTEFSQMEKSTKKTSFKNRENCELSDHCIKLQK,0
A0A024R968,499,QAYIGGIHYRQIPSPDVFLPKVLDLIVNGISINSAYTSKIL,0
A0A0A0MRP6,687,SKESELTDEDITTILERGEKKTAEMNERLQKMGESSLRNFR,0
P31943,200,YIEIFKSSRAEVRTHYDPPRKLMAMQRPGPYDRPGAGRGYN,0
A6NHR9,607,DLPSKKQGPWATYAAIEWDGKIYKAGQLVKTIKTLPLFYGS,0
D3DPF9,1046,EQAGPGEPAAPYFITKPVVQKLVEGGSVVFGCQVGGNPKPH,0
Q9UFH2,3076,ASQVDDLKAKLAIQEAELKQKNESADQLIQVVGIEAEKVSK,0
D3DPF9,11074,IKTDEHYTVETDNFSSVLTIKNCLRRDTGEYQITVSNAAGS,0
A7E2F7,245,VLVGGTKTGVVRYVGETDFAKGEWCGVELDEPLGKNDGAVA,0
P11387,106,KEKRKEEKVRASGDAKIKKEKENGFSSPPQIKDEPEDDGYF,0
Q9Y2U8,813,DPVMEIGDQWHLAIQEAILEKCSDNDGIVHIAVDKNSREGC,0
D3DPF9,262,DGAAGQQLPHKTPPRIPPKPKSRSPTPPSIAAKAQLARQQS,0
D3DPF9,24423,KCENLGGESEWSEISEPITPKSDVPIQAPHFKEELRNLNVR,0
P46940,1358,ESLIGESSGNLNDPNKEALAKTEVSLTLTNKFDVPGDENAE,0
O60841,747,VDIMHGLEPQTIESINLLKSKKCPFIVALNKIDRLYDWKKS,0
O75643,256,VRCTLSANLVASGELMSSKKKDLHPRDIDAFWLQRQLSRFY,0
Q01650,25,GPKRRALAAPAAEEKEEAREKMLAAKSADGSAPAGEGEGVT,0
A0A024R914,1922,KELIKPKTPKKELEDQRTEQKEIASEEESPVPLYSHLNSES,0
Q9P2I0,641,CKAKDAELAWIDGVLDMRVSKVDTGVILEEGELKDDGEDSE,0
E9PIF2,564,EVEEFRAYFNEKMSILQKGGKRLEGTEHRQDNDTGNEEQEE,0
Q9Y2Z0-2,69,CQRAYCHILLGNYCVAVADAKKSLELNPNNSTAMLRKGICE,0
B2RU06,1411,CKSMGPKKVGTLWREAGLSWKEFLPEGQDIGAFVAEQKVEY,0
P49792,1542,KFGTSETSKTLKSGFEDMFAKKEGQWDCSSCLVRNEANATR,0
Q15413,828,PCYEALLPKEKMRLEPVKEYKRDADGIRDLLGTTQFLSQAS,0
A0A024R914,2385,EHLFAPKEIPYSEDFEVSSFKKEISAELYKDDFEVSSLLSL,0
H0YIQ2,1446,DYFITEVEKEEKDPDSGKKVKKKVMEYEYEAEMEETYRTSM,0
Q9H1E3,152,SDEDFLMEDDDDSDYGSSKKKNKKMVKKSKPERKEKKMPKP,0
Q9Y6M7-6,664,SYSCVCTEPPNPSNETLAQWKKDNITAHNISWRNLTVSECK,0
B4E107,120,KGADLSKPPCRKAKEIRKERKRLKLMQQNPAGELEGFQAQG,0
Q9BUQ8,151,EHGDKKPKAQPLSLEELLAKKKAEEEAEAKPKFLSKAEREA,0
Q96GG9,3,XXXXXXXXXXXXXXXXXXMNKLKSSQKDKVRQFMIFTQSSE,0
Q8TF76,540,LVNGSHQKTFEEILPEIIISKELSLLSGEVCNRTEGFIGLN,0
Q93074-3,1041,FMIDTLENPAAHTFTYTGLGKSLSENPANRYSFVCNALMHV,0
O75533,998,LYEYLGEEYPEVLGSILGALKAIVNVIGMHKMTPPIKDLLP,0
Q14683,253,VEIEKLNKELASKNKEIEKDKKRMDKVEDELKEKKKELGKM,0
Q9UBC2,327,GLTQNLLAHIWALADTRQTGKLSKDQFALAMYFIQQKVSKG,0
P09429,180,AAYRAKGKPDAAKKGVVKAEKSKKKKEEEEDEEDEEDEEEE,0
Q9UFH2,3461,IVDAQLQGIKWIKNKYRSELKAIRLGQKSYLDVIEQAISEG,0
Q9Y6Q5,129,IVYELLDELMDFGFPQTTDSKILQEYITQQSNKLETGKSRV,0
Q9UFH2,1003,YQDSFERYSYLWTDNLQEFMKNFLIYGCAVTAEDLDTWTDD,0
H0YDB4,23,DMKVLYTNRAQAYMKLEDYEKALVDCEWALKCDEKCTKAYF,0
E7EU81,1558,LALEGLTEDKEKLVKEIESLKSSKIAESTEWQEKHKELQKE,0
P63173,21,MPRKIEEIKDFLLTARRKDAKSVKIKKNKDNVKFKVRCSRY,0
A0A024R914,697,QHVTQETQAKPGYQPSGESDKENKVQERPPSASSSSDMSLS,0
Q6DCA8,14,XXXXXXXMGRSNSRSHSSRSKSRSQSSSRSRSRSHSRKKRY,0
O00264,69,DQPAASGDSDDDEPPPLPRLKRRDFTPAELRRFDGVQDPRI,0
Q8TF01,581,SRSPTIKARRSRSRSYSRRIKIESNRARVKIRDRRRSNRNS,0
E9PAV3,1462,SLKKAPATSAPKGGPATPSSKGDPTLPAVTPPSPKEPPAPK,0
B7ZMJ9,2731,KIVAEYEKTIAQMIEDEQREKSVSHQTVQQLVLEKEQALAD,0
Q13813,2249,LDGSCMVEESGTLESQLEATKRKHQEIRAMRSQLKKIEDLG,0
D3DPF9,25504,KQTTIEEDQRIKQFVPMSDMKWYKKIRDQYEMPGKLDRVVQ,0
A7E2F7,579,GLKDKVQQATSENMGLMDNWKSKLDSLASDHQKSLEDLKAT,0
O43395,92,EGRSSRHSKSSSDRSRKRELKEVFGDDSEISKESSGVKKRR,0
Q14683,763,NFGPRINDIKRIIQSREREMKDLKEKMNQVEDEVFEEFCRE,0
Q14152,251,ETRLVQLDSAISMELWQEAFKAVEDIHGLFSLSKKPPKPQL,0
D3DPF9,11450,RILARVKGRPEPDITWTKEGKVLVREKRVDLIQDLPRVELQ,0
O00291-3,270,LPADTLQGHRDRFMEQFTKLKDLFYRSSNLQYFKRLIQIPQ,0
Q08945,629,KAMKEYEGGRGESSKRDKSKKKKKVKVKMEKKSTPSRGSSS,0
P11940,512,PRPAAAAAAATPAVRTVPQYKYAAGVRNPQQHLNAQPQVTM,0
P49792,1886,QENSPSFMFQGSSNTEFKSTKEGFSIPVSADGFKFGISEPG,0
A0A0C4DGA6,741,LTNAVSSNGPSGNDTPEELRKKLIRKMKLILSSGSDEECAI,0
K9MS24,379,KGNLEVLLFTIQSKMRANNQKVYMPREGKLISDINKAWERL,0
D3DPF9,19527,SRPESDGGSEISGYIIERREKNSLRWVRVNKKPVYDLRVKS,0
Q14966-3,757,LTIKGKSVKICVPGKKKAQNKEVKKKTLESKKVSASTLKRD,0
O14929,366,EQYRSYRLDIKRRLISPYKKKQRDLAKMRKCLRPEELTNQM,0
P61956-2,42,VAGQDGSVVQFKIKRHTPLSKLMKAYCERQLEMEDEDTIDV,0
P11388,1237,QRVIPRITIEMKAEAEKKNKKKIKNENTEGSPQEDGVELEG,0
D3DPF9,1174,PKVGETAPGFVYSEYEKEYEKEQALIRKKMAKDTVVVRTYV,0
Q9UQ35-2,342,SSPETATKQPSSPYEDKDKDKKEKSATRPSPSPERSSTGPE,0
A0A0U1RQV4,173,MEYMPGGDLVNLMSNYDVPEKWARFYTAEVVLALDAIHSMG,0
E7ET15,111,TAKRTLSKKEQEELKKKEDEKAAAEIYEEFLAAFEGSDGNK,0
F5GWF6,512,HVLSIFGPVSSKVVFERYSIKEDCGICLSVPIISLSLDIXX,0
O14929,210,SFIDVDDERWHYFLVFEKYNKDGATLFATVGYMTVYNYYVY,0
Q9H0A0,769,LKTLTDEDEADQGGWLAAFWKDFRRRFLALLSYQFSTFSPS,0
Q8NI27,1281,NSNKAVKENDKEKGKEKEKEKKEKTPATTPEARVLGKDGKE,0
P14618,230,NLPGAAVDLPAVSEKDIQDLKFGVEQDVDMVFASFIRKASD,0
Q53SQ6,56,FLTSKPMVYLVNLSEKDYIRKKNKWLIKIKEWVDKYDPGAL,0
Q01970,1091,VVLDANTTQFKRLKEMNEREKKELQKILDRKRHNSISEAKM,0
Q9NZM1-6,1433,RDIVIEMEDTKPLLASKLTEKEEEIVDWWSKFYASSGEHEK,0
Q6PH85,9,XXXXXXXXXXXXMHKLKSSQKDKVRQFMACTQAGERTAIYC,0
Q5T9C2-2,138,RCCLLEGYDTKNTRQDNSILKVTIGMFLLSGDPCFKTPPST,0
A0A669KBA4,140,QRFNQAQSGNIQSTVMLDKQKELDSKVRNVKDKVMCIEHEI,0
E9PAV3,593,FQSTSSSPEIPLSPEATLAKKSLGEPLPIGKPASSMTSPLG,0
Q08J23,470,RESTQLSPADLTEGKPTDPSKLESPSFTGTGDTEIAHATED,0
Q6PD62,912,TGETEATKEKKRGGGGGRRSKKGGEFDEFVNDDTDDDLPIS,0
D3DPF9,24040,RRTAMSIKTKLTSGEAPGIRKEMKDVTTKLGEAAQLSCQIV,0
P48357-5,364,VGSNVSFHCIYKKENKIVPSKEIVWWMNLAEKIPQSQYDVV,0
B4DQZ7,115,EREAREAAELEGKSSSISEEKGDSDDEKPRKGERRSSRVRQ,0
B2RAH5,729,KTIGRSRSTRTREQENEEKEKEEKEKQDKEKQEEKKESETS,0
D3DPF9,2888,WLKNGVEIEMSEKFKIVVQGKLHQLIIMNTSTEDSAEYTFV,0
Q93034,161,DTWNESIFSNIKNRLQDSAMKLVHAERLGEAFDSQLVIGVR,0
Q6PD62,965,QEGEDEEGGERKKKKRRRHPKGEEGSDDDETENGPKPKKRR,0
Q9H501,639,VKNKLEGKDKLTPWEQFLEKKKEKKRLKRKQKALAEEASEE,0
O00291-3,101,NRLPLSSNAVLCWKFCHVFHKLLRDGHPNVLKDSLRYRNEL,0
O75475,402,SLQVTMQQAQKHTEMITTLKKIRRFKVSQVIMEKSTMLYNK,0
A0A2R8Y5J0,69,PKLKKKKKPKKPRDPKIPKSKRQKKELGDSSGEGPEFVEEE,0
Q14573,545,PFREKGGEGPLVRLEELSDQKNAPYQHMFRLCYRVLRHSQE,0
A0A024R914,2852,DMCPRPESPVFGASGQEELAKRLAELELSREFLSALGDDQD,0
Q29RF7,1051,LWFMLEVLMTKNENNSHAFMKKMAENIKLTRDAQSPDESKT,0
P62136,98,YGGFPPESNYLFLGDYVDRGKQSLETICLLLAYKIKYPENF,0
D3DPF9,9385,PEDAQLETAENSSVIIIPECKRSHTGKYSITAKNKAGQKTA,0
Q14566,99,IQEEFYRVYPYLCRALKTFVKDRKEIPLAKDFYVAFQDLPT,0
Q53GG0,725,LNWSSFVDNTFAEEFTTQNQKSQDVELWEGEVVKELSVEEQ,0
P46013,346,VQTPSKAVGASFPLYEPAKMKTPVQYSQQQNSPQKHKNKDL,0
A0A087WYN9,779,YPVEVFHLEDIIEETGFVLEKDSEYCQKFLEEEEEVTINVT,0
Q14974,243,CEATQCPDTRVRVAALQNLVKIMSLYYQYMETYMGPALFAI,0
Q92797,384,PNLGEDDEDKDLEPGPSGTSKASAQISGQSDTDITAEFLQP,0
Q96QC0,235,LETPSLVPVKKNASTVVVSDKYNLKPIPLKRQSNVAAPGDA,0
E7ESY4,41,PYLIRRIEELNKTANGNVEAKVVCFYRRRDISSTLIALADK,0
Q9BQG0,202,VDILSEVSKATLQEILPEVLKADLNIILSSPEQLELFLLAQ,0
Q9HCH5,58,EKIKDDQQLKNMSGQWFYEAKAKRHRDKIHGADIIRASMRK,0
E9PAV3,2057,TGVEVKDIELVMSQANVSRAKAVRALKNNSNDIVNAIMELT,0
Q13617,261,GRLKDEEIRCRKYLHPSSYTKVIHECQQRMVADHLQFLHAE,0
Q09666,1336,MHFKAPKISMPDVDLNLKGPKLKGDVDVSLPEVEGEMKVPD,0
A0A2R8Y5J0,1758,YAILNEPFKGEMNRGNFLEIKNKFLARRFKLLEQALVIEEQ,0
Q69YP2,595,GFGEDVDGYCDTIVAVAEVIKLTDPSLLYLEVSTLVSKYPD,0
D3DPF9,21093,GAQVTVRIGHNVHLELPYKGKPKPSISWLKDGLPLKESEFV,0
D3DPF9,13114,PPAFPKVYDTTRSSVSLSWGKPAYDGGSPIIGYLVEVKRAD,0
A0A0D9SGE8,160,AADLEESFNEHELEPSSPKSKKKSRKGRPRKTNFKGLSEDT,0
Q09028-3,26,AAFDDAVEERVINEEYKIWKKNTPFLYDLVMTHALEWPSLT,0
Q00610,1328,GLERAHMGMFTELAILYSKFKPQKMREHLELFWSRVNIPKV,0
Q6PD62,1065,EDEQRKKCASSESDSDENQNKSGSEAGSPRRPRRQRSDQDS,0
D3DPF9,5041,SKGPDIIKSSDKFDIIADGKKHILVINDSQFDDEGVYTAEV,0
B2RDG0,54,CLGILANDGVLLAAERRNIHKLLDEAFFSEKIYKLNEDMAC,0
A0A024R9N6,61,EAYRFHEFHSPALEDADFENKPMILLVGQYSTGKTTFIRYL,0
Q03701,588,NLVYKSLKADIVLRRVKAFVKRLLQVTCQQMPPFICGALYL,0
D3DPF9,21634,YTAIKLINGNEYQFRVSAVNKFGVGRPLDSDPVVAQIQYTV,0
D3DPF9,9140,VSWTPPLDNGGSPITGYWLEKREEGSPYWSRVSRAPITKVG,0
Q13823,200,RDLVTEDTGVRNEAQEEIYKKGQSKRIWGELYKVIDSSDVV,0
P53396,738,EIGGTEEYKICRGIKEGRLTKPIVCWCIGTCATMFSSEVQF,0
P56715,811,KKREIGQRDKVFPHNESKYCKSTFENKSLFHVFNILEQKPK,0
A0A6Q8PHG4,197,PEIDSALQFISEIIHQLTNQKASIVDDIHSTFDELQKTLNV,0
D3DPF9,9436,GPPKDLKVSDITRGSCRLSWKMPDDDGGDRIKGYVIEKRTI,0
D3DPF9,14775,ANYPFKVPGPPGTPQVTAVTKDSMTISWHEPLSDGGSPILG,0
Q96KB5,259,EMMTLSIPHINLSNDDDDEDKTFDESDFDDEAYYAALGTRP,0
P50748,1822,KEIAEVNEINLEKVWDMLLEKWLCPSTKPGEKPSELFELQE,0
Q9H7R0,240,WPSLFRMHERTHTGEKPYECKQCCKAFPIYSSYLRHERTHT,0
B3KM27,246,EAIKSYESQIEVMAAEVAKNKESVNKAQEEVTKQKEVITAQ,0
P46013,319,SGHAVAEPASPEQELDQNKGKGRDVESVQTPSKAVGASFPL,0
Q15061,646,EESESEKDEDVEEEDEDAEGKDEENGEDRDTASEKELNGDS,0
Q92797,727,PSRQFQYLHVLLDLSSHEKDKVRSQALLFIKRMYEKEQLRE,0
E9PKP7,414,ELSESELTRLLARMWNDLSEKKKAKYKAREAALKAQSERKP,0
Q00610,189,GISAQQNRVVGAMQLYSVDRKVSQPIEGHAASFAQFKMEGN,0
Q6IPJ9,6,XXXXXXXXXXXXXXXMAVSRKDWSALSSLARQRTLEDEEEQ,0
Q14204,1418,MLVIELKSEALKDRHWKQLMKRLHVNWVVSELTLGQIWDVD,0
Q16537-2,312,LEKDPSLTEPVIRGLMKFWPKTCSQKEVMFLGELEEILDVI,0
Q5MNZ6,46,ACGMENGFRVYNTDPLKEKEKQEFLEGGVGHVEMLFRCNYL,0
Q8WWQ0,1247,EVRYIEHNTRTFNEPGSPIVKSAKFVTDLLLHFIKDQTCYN,0
P35659,195,LVKRILNFLMHPKPSGKPLPKSKKTCSKGSKKERNSSGMAR,0
Q9Y6Q5,237,RVLFELTGRSKNKSVELEDVKFHQCVRLSRFDNDRTISFIP,0
Q9UBC2,216,EKEPVPSALPPSLIPPSKRKKTVFPGAVPVLPASPPPKDSL,0
P35269,366,DSSEESDIDSEASSALFMAKKKTPPKRERKPSGGSSRGNSR,0
A0A087WYN9,1146,SALAMADSDHLTIYNAYLGWKKARQEGGYRSEITYCRRNFL,0
Q15413,884,HLEKIRDRLAENIHELWGMNKIELGWTFGKIRDDNKRQHPC,0
D3DPF9,9626,SATVGPVTVKDQTCPPSIDLKEFMEVEEGTNVNIVAKIKGV,0
J3KS05,86,EFLQSQKTAHETDKSEGGKRKADSDSEDKGEESKPKKKKEE,0
Q9NQG5,50,LIHHRKHAGPIVSVWHRELRKAKSNRKLTFLYLANDVIQNS,0
Q9Y5K6,360,KPPPPAKAPAPKPELIAAEKKYFSLKPEEKDEKSTLEQKPS,0
K7EL20,78,EVINGNIKTVTEYKIDEDGKKFKVRIVRTFRIETRKASKAV,0
O00567,585,EEPVSSGPEEAVGKSSSKKKKKFHKASQEDXXXXXXXXXXX,0
Q15417-3,112,IDIGVKYAEKQTRRFDEGKLKAGQSVIGLQMGTNKCASQAG,0
Q9NU22,4736,SKSDIKGEDNAIEMSEDFDGKMHDGELEEQEEDDEKSDSEG,0
P60709,291,SCGIHETTFNSIMKCDVDIRKDLYANTVLSGGTTMYPGIAD,0
Q9UNZ2,247,HGGQVNLDMEDHRDEDFVKPKGAFKAFTGEGQKLGSTAPQV,0
Q15020-4,633,NSIPAAGETQNVEVAAGPAGKCAAVDVEPPSKQKEKAASLK,0
Q96J02,665,IAMALFHGKFIDTGFSLPFYKRILNKPVGLKDLESIDPEFY,0
P61254,124,VVITRLKLDKDRKKILERKAKSRQVGKEKGKYKEETIEKMQ,0
A6NHR9,726,NEVRPAGTPIGALRIEILNKKGEAMQKLPGTSHGGSKKLLV,0
Q15020-4,803,EICKAHGTVKDLRLVTNRAGKPKGLAYVEYENESQASQAVM,0
O60832,144,LDPKVTGCLIVCIERATRLVKSQQSAGKEYVGIVRLHNAIE,0
Q9NR30,112,TKSLRKKKEPIEKKVVSSKTKKVTKNEEPSEEEIDAPKPKK,0
P46940,1458,MKKSKSVKEDSNLTLQEKKEKIQTGLKKLTELGTVDPKNKY,0
O43719,62,GQQPTDTPYEWDLDKKAWFPKITEDFIATYQANYGFSNDGA,0
A0A024R914,1013,LSEEEGDQDGQPLLKVAEILKEKEFCPGERNSYEPIKEFQK,0
D6RI11,112,DESILDTVIKYLPGPLQDMLKKXXXXXXXXXXXXXXXXXXX,0
P50748,328,SVTWQGITNLKLIALTASANKKMKNLMVYSLPTMEILYSLE,0
Q9H7R0,522,YLSQHRRTHMAEKPYECKTCKKAFSHFGNLKVHERIHTGEK,0
Q3MNE1,42,QEATSTISPSGAFGLFSSDLKKNEDLKQMLESNKDSAKLDA,0
Q8N1G0-2,878,FKCPSCPLLFAQKRTMLEHLKNTHQSGRLEETAGKGAGGAL,0
P56715,672,CGLTKLPKNEKKILSSVASKKKKKSRQQAINSRYQDGQLAT,0
O60502-2,355,NMNGVRKDVVMSRQVAHSGAKASVVDGTPLVAAPSLNATTV,0
Q9Y6Q5,227,MPELRLGLNDRVLFELTGRSKNKSVELEDVKFHQCVRLSRF,0
Q9Y6X4,668,DRRNLRRKAKGHKGPAKKKAKLTXXXXXXXXXXXXXXXXXX,0
Q12906,387,ITPMKRPMEEDGEEKSPSKKKKKIQKKEEKAEPPQAMNALM,0
Q9H0H5,178,FDKTDESLDWDSSLVKTFKLKKREKRRSTSRQFVDGPPGPV,0
Q93074-3,1225,RHLLAASQNRIVDGAVFAVLKAVFVLGDAELKGSGFTVTGG,0
O75369,1135,EVHIPGSPFKADIEMPFDPSKVVASGPGLEHGKVGEAGLLS,0
H0YJ77,97,YSQYQQAIYKCLLDRVPEEEKDTNVQVLMVLGAGRGPLVNA,0
O43395,592,VVVLHKDVNVVVVEGGPKAQKKFKRLMLHRIKWDEQTSNTK,0
Q8N108,349,MWKKSERYDFFAQQTRFGKKKYNLHPGVTDYMDRLLDESES,0
P09429,12,XXXXXXXXXMGKGDPKKPRGKMSSYAFFVQTCREEHKKKHP,0
Q08211,943,QAWDDARMGGEEAEIRFCEHKRLNMATLRMTWEAKVQLKEI,0
D3DPF9,8560,FVDKQLVGTNEWSRCTEKMIKVRQYTVKEIREGADYKLRVS,0
A8K7M3,340,ELYRRCKLEEMGFTDVGPENKPVSVQETYEAKRHEFHGERQ,0
Q9UM54-6,637,IRELFESSTNNNKDTKQKAGKLSFISVGNKFKTQLNLLLDK,0
P09874,349,NRKEWVTPKEFREISYLKKLKVKKQDRIFPPETSASVAATP,0
B4DMR0,295,LRNAKKTSYLTELIDRYKRWKAEQSHDDSSSEDSDAETDGQ,0
Q15365,268,FAMMHGGTGFAGIDSSSPEVKGYWASLDASTQTTHELTIPN,0
P46013,1825,KLDQPGNLPGSNRRLQTRKEKAQALEELTGFRELFQTPCTD,0
Q9NU22,4872,QIDERDYDENEVDPYHGNQEKVPEPEALDLPDDLNLDSEDK,0
E9PAV3,1357,AVTPPSPKGTPTLPATTPSSKGGPTTPSSKEGPTPPAATPS,0
Q9H501,528,EITWDETDHERITMLNRKFKKEELLDMDFQAYLASSSEDEE,0
Q14008-2,106,TGEVVSGVVSKVFNQPKAKAKELGIEICLMYIEIEKGEAVQ,0
Q9NR30,132,KKVTKNEEPSEEEIDAPKPKKMKKEKEMNGETREKSPKLKN,0
Q9UFH2,360,EFCNQIIEMTRTFLSPEEVLKGLQGEIEEVLSGISLAVNVL,0
Q14204,3254,AAANDKLKKMVKDQQEAEKKKVMSQEIQEQLHKQQEVIADK,0
A0A2R8Y5J0,201,LIAAKNPKIAVSKMMMVLGAKWREFSTNNPFKGSSGASVAA,0
A0A024R968,175,ILFSVIIVVLVTAFNDWSKEKQFRGLQCRIEQEQKFSIIRN,0
P52565,199,SRFTDDDKTDHLSWEWNLTIKKDWKDXXXXXXXXXXXXXXX,0
Q92769,468,EEDKKETEDKKTDVKEEDKSKDNSGEKTDTKGTKSEQLSNP,0
P07814,665,VNKNSKHEELMLGDPCLKDLKKGDIIQLQRRGFFICDQPYE,0
A8K942,463,FMPGSPTKTVYKKPQEKKGCKCGRATQNPSVLTCRGQRCPC,0
A0A0A0MRP6,59,AAAAATEATAATEKGEKKKEKNVSSFQLKLAAKAPKSEKEM,0
Q9NU22,2905,FVHAQCLELKAKGLSLGFLEKKHDEASSLSHPDLTSVIHLT,0
P29317,617,PNQAVLKFTTEIHPSCVTRQKVIGAGEFGEVYKGMLKTSSG,0
Q15413,1935,EEEEEDTSWTGKLCALVYKIKGPPKPEKEQPTEEEERCPTT,0
Q709C8,1806,VENKFSLVPMEHYSLPPVIDKMNIELTQLKLSRTILQASLP,0
Q62108,165,RLYVMRRKPPAEKIIEIKLIKGPKGLGFSIAGGVGNQHIPG,0
A0A0A0MRP6,922,KIMAQIERGEARIQRRISIKKALDAKIARYKAPFHQLRIQY,0
Q15413,2849,DSAQEFIAHLEAIVSSGKTEKSPRDQEIKFFAKVLLPLVDQ,0
E7EVA0,2232,AQAKVGSLDNVGHLPAGGAVKTEGGGSEAPLCPGPPAGEEP,0
O43818,428,GFRQLDLLCDIPLVGFINSLKFSSSGDFLVAGVGQEHRLGR,0
Q14204,1652,VGDEDLLEIIGNSKNVAKLQKHFKKMFAGVSSIILNEDNSV,0
Q15061,113,QTDLLALGTAVGSILLYSTVKGELHSKLISGGHDNRVNCIQ,0
Q9UFH2,2920,QVKSLGMNDTRETCWKFFIEKVRRQLKVILCFSPVGSVLRV,0
Q8IY81,388,LNQTLAEMKAQEVAELKRKKKKLLREQRKQRERVELKMDLP,0
Q14573,75,CLFKVCPMNRYSAQKQYWKAKQTKQDKEKIADVVLLQKLQH,0
B3KUB6,738,RIIITGDEDVDQDQALALAIKEAKLQHPDMLVTKAVVYRET,0
A0A0C4DG89,1003,GERKIYLAIESANELAVQKAKAEITRLIKEELIRLQNSYQP,0
Q69YP2,200,LERTVTTRIEGTQADTRESDKMWLVRHLEIIRKYVLDDLIV,0
Q8TAQ2,724,KEEVPTALVEAHVRKVEEAAKVTGKADPAFGLESSGIAGTT,0
E7EVA0,1753,TASKGVRLPEPKDKILETPQKMTEKSESKTPGEGKKEDKSR,0
O60763,865,DVEGRLSALLQETKELKNEIKALSEERTAIKEQLDSSNSTI,0
Q709C8,375,APYRKYKPYLPLHTNGRRWWKYAIDSVLEVHIRRYTQMWSW,0
Q13523,228,VKEKTTRSKSKERKKSKSPSKRSKSQDQARKSKSPTLRRRS,0
Q7Z4V5,383,ERGSGGSSGDELREDDEPVKKRGRKGRGRGPPSSSDSEPEA,0
Q14690,707,DILHRVLCLSQSEGRVLLCRKPALVSTVEGGQDPKNFSEIH,0
Q96QD8,460,FIGASAASMLIFILPSAFYIKLVKKEPMKSVQKIGALFFLL,0
Q9NY61,514,IQKLRSKIHKKVDRKASKGRKLRFHVLSKLLSFMAPIDHTT,0
Q9Y696,110,KIEEFLEEVLCPPKYLKLSPKHPESNTAGMDIFAKFSAYIK,0
E7EU81,1233,PSTDQQESCSSTPGLEEPLFKATEQHHTQPVLESNLCPDWP,0
A0A6I8PIK4,109,VRLDDSFVRFKNANAVMEYEKIAETDFEKRDFRKVVFCMDR,0
O95104,586,GNYKVNQKSIKIAWALNKGIKADYKQYWDVELGVTYIPWDK,0
D3DPF9,19452,AWTICEGELQMTSCKVTKLLKGNEYIFRVTGVNKYGVGEPL,0
P52701,567,EDSSGHTRAYGVCFVDTSLGKFFIGQFSDDRHCSRFRTLVA,0
Q96J02,555,FRFWCQQLAMPQHIKITVTRKTLFEDSFQQIMSFSPQDLRR,0
Q709C8,481,KKSADTGEKRGGWFSGLWGKKESKKKDEESLIPETIDDLMT,0
P55060,174,HSLFKRYRHEFKSNELWTEIKLVLDAFALPLTNLFKATIEL,0
Q14008-2,975,NNVRAAALATVNAWAEQTGMKEWLEGEDLSEELKKENPFLR,0
O95573,56,LTYIPFYFFSESRQEKSNRIKAKPVNSKPDSAYRSVNSLDG,0
A7E2F7,119,GETQFAPGQWAGVVLDDPVGKNDGAVGGVRYFECPALQGIF,0
Q9Y5B9,853,FVVTLDEVELIHFERVQFHLKNFDMVIVYKDYSKKVTMINA,0
Q93009,548,LQAVTDHDIPQQLVERLQEEKRIEAQKRKERQEAHLYMQVQ,0
P61247,14,XXXXXXXMAVGKNKRLTKGGKKGAKKKVVDPFSKKDWYDVK,0
Q9H7R0,188,FQTQERPHTGKKRYDCKECGKTFSSSGNLRRHIIVQRGGGP,0
E9PAV3,1784,PPESKASTPLTAAAFEKVLPKPESASVSAAPSPPVSLPLAP,0
Q6IPJ9,271,SGRRLVSEKASIFEKALASEKSPAADAKPAPKRATASEQPL,0
B4DGI6,468,VSAPSKSESALSCLSKQKKKKTKKPKEPQPEQPQPSTSANX,0
Q00610,98,KVIALKAGKTLQIFNIEMKSKMKAHTMTDDVTFWKWISLNT,0
H7BYZ9,142,FLILSEASLADLNSRLEKKVKATNFRPNIVISGCDVYAEVT,0
A0A2R8Y5J0,52,HPENEEDPEEDLSETETPKLKKKKKPKKPRDPKIPKSKRQK,0
P05556,551,CVCGQCVCRKRDNTNEIYSGKFCECDNFNCDRSNGLICGGN,0
O76094,558,TGDSQPKEQGQGDLKKKKKKKKGKLPKNYDPKVTPDPERWL,0
Q15942,188,VSSGYVPPPVATPFSSKSSTKPAAGGTAPLPPWKSPSSSQP,0
O43776,389,PAGSIVHELNPNFQPPKRPFKRMNYSDAIVWLKEHDVKKED,0
D3DPF9,9162,EEGSPYWSRVSRAPITKVGLKGVEFNVPRLLEGVKYQFRAM,0
P35579,882,LAAENRLTEMETLQSQLMAEKLQLQEQLQAETELCAEAEEL,0
Q94AH6,705,KVLGHQQLVSECVEQLSRMFKPDIKAIKKRMEDLITRDYLE,0
P46013,2764,QTSGETTDADKEPAGEDKGIKALKESAKQTPAPAASVTGSR,0
Q9NR09,1126,FKFVLNSNITNIPQIQVTLLKNKAPGLGKVNALNIEVEQNG,0
B9A018,122,SRHCPYLDTINRSVLDFDFEKLCSISLSHINAYACLVCGKY,0
Q9Y5B9,343,CDVYNAVMDVVKKQKPELLNKITKNLGFGMGIEFREGSLVI,0
Q8NI27,307,HLLPADNCIMDEHKREIAEAKQIVRKLTMVVLSSEKMDERE,0
Q13523,919,KLAMDLKGKMPNKMIRKGVFKDQHFDQNLNFMYIEVDKVTE,0
Q9Y490,1361,AVTDSINQLITMCTQQAPGQKECDNALRELETVRELLENPV,0
E9PB61,114,WQHDLFDSGFGGGAGVETGGKLLVSNLDFGVSDADIQELFA,0
O76021,303,KKKEARRKRRERNFEKQKERKKKRQQARKTASVLSKDDVAP,0
Q9UHX1-6,56,EALQKAKKYAMEQSIKSVLVKQTIAHQQQQLTNLQMAAQRQ,0
E7EVA0,1631,EGYADRGNFPAHPVNEEKETKEGSVAVQIPDLLEDKAQKLS,0
Q6P2Q9,1659,VSRPSLLADSKDVMDSTTTQKYWIDIQLRWGDYDSHDIERY,0
Q9BXW9,811,NWFREIVNAFCQETSPEMKGKVLTRLKHIVELQIILEKYLA,0
B3KY28,740,QALAQAIKEAKEQHPDMSVTKVVVHKETEITPEDGEDXXXX,0
P62269,115,YSQVLANGLDNKLREDLERLKKIRAHRGLRHFWGLRVRGQH,0
A8KAP3,682,FCETVVETSSLKCFAETPNKKNKITMIAEPLEKGLAEDIEN,0
Q9NVB8,495,LLFSDEEEKEAQLGVKSVDKKVESAKESLKFGRTDVAESEK,0
Q01581,251,RCYSVYCKKIHAQWQKEGNDKDFTLNDFGFMIFHSPYCKLV,0
A0A087WYN9,1324,VQHRERLLSIDGWIYFQAPVKIAVIFKQLRVLIDSVLRKKL,0
P49792,2765,EDNGNGEDFQSELQKVQEAQKSQTEEITSTTDSVYTGGTEV,0
H7BYZ9,177,VYAEVTLCPFGSFLGFDFFFKDSWDELLIGDVELKRVMACS,0
Q14683,690,AVDKLKEKKERLTEELKEQMKAKRKEAELRQVQSQAHGLQM,0
Q7Z4V5,70,TAFLGPKDLFPYDKCKDKYGKPNKRKGFNEGLWEIQNNPHA,0
P49792,2612,KVKNLFASFPTEESSINYTFKTPEKAKEKKKPEDSPSDDDV,0
O43776,190,GVLLSTESSVAVYGMLNLTPKGKQAPGGHELSCDFWELIGL,0
Q12789-3,214,QRDLHTTAFKVDAGKLHYHRKILNKNGLITMQSHVIRLPTG,0
O14929,137,PGFCTNTNDFLSLLEKEVDFKPFGTLLHTYSVLSPTGGENF,0
D3DPF9,16575,ITWEPPLLDGGSKIKNYIVEKREATRKSYAAVVTNCHKNSW,0
P49792,3109,VPRTAENFRALCTGEKGFGFKNSIFHRVIPDFVCQGGDITK,0
C9JIZ6,265,ISQYSEIAIQMMMHMSLQQPKEICALVGFCDEVKEMPMQTL,0
P33176,882,KLEKRLRATAERVKALESALKEAKENASRDRKRYQQEVDRI,0
Q13769,110,QSCVHFMTLKKLNRLAHIRLKKGRDQTHEAKQKVDAYHLQL,0
Q9HCH5,524,ARKMPSKSLEDISSDSSNQAKVDNQPEELVRSAEDVSTVPT,0
Q9UEE9,62,EEQTQKTQGKKRKAQSIPARKRRQGGLSLEEEEEEDANSES,0
Q9BVP2,127,EKEFGLCKTENKAKSGKQNSKKLYCQELKKVIEASDVVLEV,0
Q92616,168,LLLLEVLGGSHKHAVDGAVKKLTKLWKENPGLVEQYLSAIL,0
P49792,1370,KKEGSWWHCNSCSLKNASTAKKCVSCQNLNPSNKELVGPPL,0
Q8TB36,206,IAKQKRLKSKLLDHDNVKYLKKILDELEKVLDQVETELQRR,0
A0A1U9X7B8,599,LERYVLSCLRKKPRKPYTIKKPVGKTKEELALEKKRELEKR,0
Q3B794,185,NIHIVNVESFTLSGYVIMWNKAIELSSKSHPGPVVHISDNP,0
Q6IPJ9,379,QRTYSSSLKRSSPRTISFRMKPKKENSETTLTRSASMKLPD,0
O75555,480,PLGIIFIFLRRYFLETSRDVKRLESTTRSPVFSHLSSSLQG,0
Q15691,60,SGAAYCQFMDMLFPGSIALKKVKFQAKLEHEYIQNFKILQA,0
Q709C8,3626,IRPYDRQESEGSDLLENHIKKLEGETYRYHCAIPGSKKTIL,0
P78347,323,TSEDPEVEVTIEDDDYSPPSKRPKANELPQPPVPEPANAGK,0
Q9BZQ2,622,FIVAEEALNKRASSGDKKDDKMLFKVMQNLNLEMNNNKIEA,0
A0A024R968,1120,IQTQIKVVKAFHSSLHESIQKPYNQKSIHSFMTHPEFAIEE,0
Q9H0A0,992,WNEVLNKAGPNASIISLKSDKKRKLEAKQEPKQSKKLKNRE,0
Q02952,1734,LADTDASGGLTKESPDTNGPKQKEKEDAQEVELQEGKVHSE,0
A0A0C4DG89,792,GFSGKGFKFDETEQALANERKKLQKAALGLQDSDDEDAAVD,0
Q9NR09,229,ANHKVAKWATVTFHLPHHVLKSIASAIVNELKKINQNVAAL,0
P26639,32,KMGGEEKPIGAGEEKQKEGGKKKNKEGSGDGGRAELNPWPE,0
Q96JQ2,472,VAKESLRQDGHVLAVEVAEEKEQKQESSKIPESSSDKVAGD,0
Q709C8,768,KFDVEIKNVQLLFARAEETWKKCRFQHPSTMHILQPMDIHV,0
A0MZ66,98,TCRESAEALATKLNKENKTLKRISMLYMAKLGPDVITEEIN,0
Q9Y450-4,365,REHGLLVRSLGVTQLAVAVNKMDQVNWQQERFQEITGKLGH,0
M0R3F6,127,CGRDLEFSHSDSRDQVIGHRKLGHFRSQDWKFALRGSWEQD,0
A0A2R8Y5J0,963,FKNMPSKTELIVRVELSPMQKKYYKYILTRNFEALNARGGG,0
Q9Y2Z0-2,209,KLELLHPIIPEQSTFKVLSTKIEIKLKKPEAVRWEKLEGQG,0
Q14966-3,1564,VDEVIEEVNPSQAKQNPLKGKRKETLKNVPFSELNLKKKKG,0
Q14204,1827,KLEHLITELVHQRDVTRSLIKSKIDNAKSFEWLSQMRFYFD,0
O00566,466,KPKEDAYEYKKRLTLDHEKSKLSLAEIYEQEYIKLNQQKTA,0
Q03701,1011,GSKFDNIGMNAMANKDNASLKQLRWEAERDDWLHNRDAKSI,0
Q8WUM4,574,SLLSNLDEVKKEREGLENDLKSVNFDMTSKFLTALAQDGVI,0
Q86VP6,348,GDDDDQGSDDEYSDDDDMSWKVRRAAAKCLDAVVSTRHEML,0
Q9NYB0,169,KENARSPSSVTGNALWKAMEKSSLTQHSWQSLKDRYLKHLR,0
Q9Y5Q9,666,ELLVDSSLEYYSFYDDRQKRKELEYFGLSAAILDKNFRKAY,0
O75643,55,EPTGEVLSLVGKLEGTRMGDKAQRTKPQMQEERRAKRRKRD,0
Q29RF7,538,ELLDLHKQPTSEANCSAMFGKLMTIAKNLPDPGKAQDFVKK,0
Q9HCH5,591,SDDRETDTASESSYQLSRHKKSPSSLTNLSSSSGMTSLSSV,0
A0A087WW66,44,LHKLNAVVNDFWAEISESVDKIEVLYEDEGFRSRQFAALVA,0
B3KTV2,204,KYFYKGGLVWDENSSDGRYVKENCKPLKSYMLQDSLEHVQL,0
P39019,41,FLKKSGKLKVPEWVDTVKLAKHKELAPYDENWFYTRAASTA,0
Q8WTT2,209,EIIEDPIQELTIEEHLIERKKKLQEKKMHIAALASAILSDP,0
P18669,176,LKDTIARALPFWNEEIVPQIKEGKRVLIAAHGNSLRGIVKH,0
D3DPF9,3107,GNVSTAKLFVEGRDVRIRSIKKEVQVIEKQRAVVEFEVNED,0
P06744,194,YSSGGPRVWYVSNIDGTHIAKTLAQLNPESSLFIIASKTFT,0
P11387,402,IIINCSKDAKVPSPPPGHKWKEVRHDNKVTWLVSWTENIQG,0
Q6P2Q9,597,GLQYIFAHVGQLTGMYRYKYKLMRQIRMCKDLKHLIYYRFN,0
A0A024R3R5,350,ALAATVFCVVLSVYLYMRSLKAPRNDLSPASSGNAVYDFFI,0
B4E107,12,XXXXXXXXXMLKFLAKGEVPKGSCEDEPMDSTMDDAVAGDF,0
O75436,165,KEYDLIVHQLATYPDVNNSIKMEVGIEDCLHIEFEYNKSKY,0
X6R5E5,62,VYDLHAVKNDFQMSGLCYDSKMFQVHQVLCIPSWMAKFFSW,0
Q13428,334,GATPAPPGKAGAVASQTKAGKPEEDSESSSEESSDSEEETP,0
O75976,827,RGILNATISVAEINHPVTTYKTGDYWRLLVPGTYKITASAR,0
A0A087WYN9,318,RKFQREMETLEDHPVFNPAMKISHQQNERKKPPVATEGESA,0
A0A2R8Y5J0,278,GKGPNARRKPKGSPRVPDAKKPKPKKVAPLKIKLGGFGSKR,0
Q14966-3,1431,TENQKSFPKSVPRDQINAEKKLSAKEFGLLKPTSARSGLAE,0
Q9HCH5,653,QFAIEYVESLKELHVFVAQCKDLAAADVKKQRSDPYVKAYL,0
K9MS24,532,YLLELLRARRQRLEMNLGLQKIFQEMLYIMDWMDEMKVLVL,0
Q09666,1128,VDIKAPDVEGQGLDWSLKIPKMKMPKFSMPSLKGEGPEVDV,0
E7EU81,967,LLKKENEQRKRKLQAALINRKELLQRVSRLEEELANLKDES,0
Q59FH0,167,AQLILKAISSYFVSTMSSSIKTVYFVLFDSESIGIYVQEMA,0
Q9BQG0,1152,HDLYWQAMKTLGVQRPKLEKKDAKEIPSATQSPISKKRKKK,0
Q9NZM1-6,1972,KVEMTLEILNEKEADERPAGKGRDEPNMNPKLDLPNRPETS,0
E9PIF2,743,HKAKERLQEEDKFDKEEYRKKIKAKHREKRLKEREARREAN,0
A0A0A0MR02,124,QGLKLTFDTTFSPNTGKKSGKIKSSYKRECINLGCDVDFDF,0
Q9Y2X3,77,LAAFTALMEGKINKQLKKVLKKIVKEAHEPLAVADAKLGGV,0
E7EU81,850,QALSQKELEITKMDQLLLEKKRDVETLQQTIEEKDQQVTEI,0
Q9UFH2,1926,VEVLSVIAVQVKCVQDAIRAKKKAFNFLGEIIGLIPTVGIF,0
D3DPF9,6150,AARAAAHLTVIEKLRIVVPLKDTRVKEQQEVVFNCEVNTEG,0
P46940,773,QARCRGYLVRQEFRSRMNFLKKQIPAITCIQSQWRGYKQKK,0
Q9NZM1-6,1466,ASSGEHEKCGQYIQKGYSKLKIYNCELENVAEFEGLTDFSD,0
P17987,298,ILATGANVILTTGGIDDMCLKYFVEAGAMAVRRVLKRDLKR,0
B3KY28,642,TETISFGSVSPGGVKLEISTKEVPVVHTETKTITYESSQVD,0
Q94AH6,305,RMYRLYHKILRGLEPVANIFKQHVTAEGNALVQQAEDTATN,0
D3DPF9,12534,LSWHIPLEDGGSNITNYIVEKCDVSRGDWVTALASVTKTSC,0
A0A075B784,813,SLPHQLPEASEPPQSPSEKRKKTFVGEPQRLGSETRLPQHI,0
Q14683,829,EFENQKTRLGIQLDFEKNQLKEDQDKVHMWEQTVKKDENEI,0
O75475,461,NKSLAEQRQHEEANKTKDQGKKGPNKKLEKEQTGSKTLNGG,0
O95104,590,VNQKSIKIAWALNKGIKADYKQYWDVELGVTYIPWDKVKPE,0
Q9Y5Q9,319,SYYEANDVTSAINIIDEAFSKHQGLVSMEDVNIAAELYISN,0
Q86VP6,1163,DRLVEPLRATCTTKVKANSVKQEFEKQDELKRSAMRAVAAL,0
Q9NU22,4556,QASPQEDYAGFERLQSGHLTKLLEDDFWADVSTLHVQKIIS,0
O60832,14,XXXXXXXMADAEVIILPKKHKKKKERKSLPEEDVAEIQHAE,0
Q03701,1050,SIIKKKKHFKKKRIKTTQKTKKQRKXXXXXXXXXXXXXXXX,0
Q9HCH5,330,ISEKEHSLEDNSSPNSLEPLKHVRFSAVKDELPQSPGLIHG,0
P53985,204,LLLNCCVAGALMRPIGPKPTKAGKDKSKASLEKAGKSGVKK,0
J3KN36,821,LFLEGQIHPELEGVEIVISEKGASSPLITVFTDDKGAYSVG,0
Q99459,218,IQKKRKRKRGVDYNAEIPFEKKPALGFYDTSEENYQALDAD,0
Q99729-2,143,SVEKVLDQKEHRLDGRVIDPKKAMAMKKDPVKKIFVGGLNP,0
Q9NZM1-6,1429,APPCRDIVIEMEDTKPLLASKLTEKEEEIVDWWSKFYASSG,0
Q08945,422,TFSSIEREEYGKLFDFVNAKKLNIKNRGLKEGMNPSYDEYA,0
Q9H8G1,464,LTAHKIIHTGEKPYKCEECGKAFNRSPKLTAHKVIHSGEKP,0
Q5T9C2-2,6,XXXXXXXXXXXXXXXMAFLMKKKKFKFQTTFTLEELTAVPF,0
B4E0E6,495,PPAPETKIMSPRKALIPVSQKSSQAEACSESRNRVKRRLDS,0
O75554-2,269,KSIQKQNSLGSNEEKSKTLKKSNPYGEWQEIKQEVESHEEV,0
P53396,178,EKLNPEDIKKHLLVHAPEDKKEILASFISGLFNFYEDLYFT,0
D3DPF9,19794,VVKVLDTPGPPTNITVQDVTKESAVLSWDVPENDGGAPVKN,0
P09874,441,GTANKASLCISTKKEVEKMNKKMEEVKEANIRVVSEDFLQD,0
Q9P0L0,90,PGSTVTVSVMLQPFDYDPNEKSKHKFMVQTIFAPPNTSDME,0
Q99459,500,LLGLPAPKNDFEIVLPENAEKELEEREIDDTYIEDAADVDA,0
D3DPF9,6375,NVKWYRNGREIKEGKKYKFEKDGSIHRLIIKDCRLDDECEY,0
P11940,229,DLFGKFGPALSVKVMTDESGKSKGFGFVSFERHEDAQKAVD,0
P12270,1013,RLKESAEFQTQLEKKLMEVEKEKQELQDDKRRAIESMEQQL,0
Q01581,317,GLEAFGDVKLEDTYFDRDVEKAFMKASSELFSQKTKASLLV,0
Q9UFH2,1463,EVLVETLEDNQVQLQNLMMSKYLAHFLKEVTSWQQKLSTAD,0
P52701,234,YVTDKSEEDNEIESEEEVQPKTQGSRRSSRQIKKRRVISDS,0
M0R3F6,413,LKTPRVDNEFLNMLLDKGAVKTKNCFFEIIKPFDKYIMRLQ,0
D3DPF9,18092,LDEGLEYEFKVSAENIVGIGKPSKVSECFVARDPCDPPGRP,0
Q5VTR2,682,QLMAAEKKSKAELEDLRQRLKDLEDKEKKENKKMADEDALR,0
P49792,1209,EDEEEFFCNRAKLFRFDVESKEWKERGIGNVKILRHKTSGK,0
P46013,3227,SQPAASTLESKSVQRVTRSVKRCAENPKKAEDNVCVKKIRT,0
Q14008-2,326,LIKNPKLEAGDYADLVKALKKVVGKDTNVMLVALAAKCLTG,0
O95831,571,PQAPVQGEDYGKGVIFYLRDKVVVGIVLWNIFNRMPIARKI,0
E7EU81,1573,EIESLKSSKIAESTEWQEKHKELQKEYEILLQSYENVSNEA,0
A0A0A0MR02,64,TKSCSGVEFSTSGSSNTDTGKVTGTLETKYKWCEYGLTFTE,0
Q86UQ4-6,534,CKDQASFLSDSNMFINLPRVKELLEDDKEKFNIPEDSTPFC,0
O60726,59,FKSIWNNRWLRTISVILFLNKQDLLAEKVLAGKSKIEDYFP,0
D3DPF9,7235,ATVTGKPEPKITWTKADMILKQDKRITIENVPKKSTVTIVD,0
Q13813,1950,CTNGQDLIKKNNHHEENISSKMKGLNGKVSDLEKAAAQRKA,0
Q9Y6M7-6,735,TTFFLSSFLKQFKTKRYFPTKVRSTISDFAVFLTIVIMVTI,0
Q14573,1664,LSKLIQHTKDLMESEEKLCIKVLRTLQQMLLKKTKYGDRGN,0
O43395,46,SEPTVVTAALNCVGKGMDKKKAADHLKPFLDDSTLRFVDKL,0
P07814,1250,SASGRAIQGGTSHHLGQNFSKMFEIVFEDPKIPGEKQFAYQ,0
E9PFF8,170,FTFPSDITEFLGQPYFEAFKKKMPIAFAAKGINKLLNKLFL,0
Q86UQ4-6,463,ANGLLNSLLDIVSSLSALLAKAQHVFEYLPEFLHTFKITAL,0
P55884,415,MDTQDDPQAIIIWDILTGHKKRGFHCESSAHWPIFKWSHDG,0
A0A087WW66,915,PETCRYQPFKPLSIGGIIILKDTSEDIEELVEPVAAHGPKI,0
P49792,2279,RFGESTTGFNFSFKSALSPSKSPAKLNQSGTSVGTDEESDV,0
P50748,639,GQIILAKWLEQAARNLELTDKANWPENGLQLAEIFFTAEKT,0
Q92616,815,ENKAYSFKEQIIELELKEEIKKKKGIKEEVQLTSKQKEMLQ,0
O75643,729,YEKIMEHAGKNQVLVFVHSRKETGKTARAIRDMCLEKDTLG,0
Q9NR09,125,SALSAKPGGQVKCQYISAVDKVIFVDDYAVGCRKDLNGILL,0
P10412,117,KGTGASGSFKLNKKAASGEAKPKAKKAGAAKAKKPAGAAKK,0
Q9UM54-6,139,SLGTRPPHVFAIADKAFRDMKVLKMSQSIIVSGESGAGKTE,0
Q8TF01,641,SRSRDRRTNRASRSRSRDRRKIDDQRGNLSGNSHKHKGEAK,0
P13639,299,SPEGKKLPRTFCQLILDPIFKVFDAIMNFKKEETAKLIEKL,0
D3DPF9,17189,IEESARCEIKNTDFKALLIVKDAIRIDGGQYILRASNVAGS,0
Q9NU22,310,SSSREQELALRSYVLVESVCKSLQTLAMAVASQNAVLLEGP,0
Q9H501,159,KMKTSCKFKIDSNISPKKDSKEFTQKNKKEKKNIVQHTTDS,0
Q12789-3,616,LKTGRHSSGQDKPHETYRLLKRRNLIIEAVTNLRLIESLFT,0
Q13823,626,KYQKFLDKAKAKKFSAVRISKGLSEKIFAKPEEQRKTLEED,0
O00566,376,VKSSFEKRQEKMNEKIASLEKELLEKKPWQLQGEVTAQKRP,0
Q9UQ98,714,VTHSMSYLPQVDVIIVMSGGKISEMGSYQELLARDGAFAEF,0
Q9Y295,213,ATCPQSELDAETVKSILAEYKIHNADVTLRSDATADDLIDV,0
Q09161,522,LCLAVAFKSKATNDEIFSILKDVPNPNQDDDDDEGFSFNPL,0
D3DPF9,16281,ERPASDGGSEILGYVLEKRDKEGIRWTRCHKRLIGELRLRV,0
Q14683,851,DQDKVHMWEQTVKKDENEIEKLKKEEQRHMKIIDETMAQLQ,0
E9PAV3,516,QVATTLRIPVSPPLPDPEDLKNLPSSVLVKFPTQKDLQTVP,0
P62136,111,GDYVDRGKQSLETICLLLAYKIKYPENFFLLRGNHECASIN,0
A0A024R914,2903,SHKIQKNKAEETIVPLMAEPKRVTQQPCETLLAVPHTAEEV,0
A0A024R914,1211,NVQNSLLDEEKAERGSHQGKKSGTSSKLSVKDFEQTLDTDS,0
Q99729-2,154,RLDGRVIDPKKAMAMKKDPVKKIFVGGLNPEATEEKIREYF,0
Q14690,121,SLPNGLQGFVQVTEICDAYTKKLNEQVTQEQPLKDLLHLPE,0
Q5MNZ6,106,DDLKKKTVIEIEFSTEVKAVKLRRDRIVVVLDSMIKVFTFT,0
P78316,199,EGEEREKPKSRKELIEELIAKSKQEKRERQAQREDALELTE,0
O60502-2,602,TILYDMYSYVWDIKSIMSMVKSFVQWLGCRSHSSAQFLIGD,0
Q9Y6Y8,630,VANGVVKQLHFQEKQMPEEPKLTLDESYDLVVENKEVLTLQ,0
Q14966-3,595,KKALEDVVQRSGHGTEFNKQKHLEAADKGHSPAQKPKTSSG,0
D3DPF9,26499,ALRSEEIKMSEAKSQEKLALKEEASKVLISEEVKKSAATSL,0
Q9NVB8,282,RAEKKVTLSYSKNLKPSSETKTQKGLFSDEEDSEDLFSSQS,0
D3DPF9,15892,GSRVIGYHLERKERNSILWVKLNKTPIPQTKFKTTGLEEGV,0
Q8N5C6,104,KEELNSSVAIADTALEDRKNKLDTVQTLKTAKTKQKCAAQP,0
Q13428,31,LPLIYHHLLRAGYVRAAREVKEQSGQKCFLAQPVTLLDIYT,0
Q04760,151,AVPDVYSACKRFEELGVKFVKKPDDGKMKGLAFIQDPDGYW,0
A0A6Q8PHG4,860,KYKDCDPQVVEEIRQANKVAKEAANRWTDNIFAIKSWAKRK,0
A0A024R2J0,343,TSGEQIQPSATIQETQQWLLKNRFSSYTRLFSNFSGADLLK,0
Q59HH3,544,LLASGTDGVGTKLKIAQLCNKHDTIGQDLVAMCVNDILAQG,0
Q9BVP2,31,KRMTCHKRYKIQKKVREHHRKLRKEAKKRGHKKPRKDPGVP,0
Q9Y2U8,44,YGLSPGPVTESTRPVYLKKLKKLREEEQQQHRSGGRGNKTR,0
Q9UFH2,797,NLQNRMQKAKQNIEGISQAMKDWSANPLFERKDNKKEALLD,0
P49588,766,AKGIRRIVAVTGAEAQKALRKAESLKKCLSVMEAKVKAQTA,0
P61247,128,DKMCSMVKKWQTMIEAHVDVKTTDGYLLRLFCVGFTKKRNN,0
F5H4R1,130,RSNLKEKMNAPNQPPHKDTGKTVENVEEYSYKQEKKIRAAL,0
Q96J02,211,SASRVAGFTGASQNDDGSRSKDETRVSTNGSDDPEDAGAGE,0
O75976,448,YNLTVVLTGYMPLTVTNVVVKEGPATEVDFSLRPTVTSVIP,0
P16615,204,SVSVIKHTDPVPDPRAVNQDKKNMLFSGTNIAAGKAMGVVV,0
Q03701,476,ELANKLITVYFCFFRTCVKKKDVESKMLSALLTGVNRAYPY,0
Q4G0J3,516,RFKTPEDAQAVINAYTEINKKHCWKLEILSGDHEQRYWQKI,0
P49756,339,ERERREREREREREREREKEKERERERERDRDRDRTKERDR,0
D3DPF9,16481,GSLRLFVPIKGRPTPEVKWGKVDGEIRDAAIIDVTSSFTSL,0
Q9Y6M7-6,1025,LCFTKRELSWLDDLMPESKKKKEDDKKKKEKEEAERMLQDD,0
P49642,242,YFEEYALVNQDILENKESWDKILALVPETIHDELQQSFQKS,0
Q15413,2180,EKVVTYLAGCGLQSCPMLLAKGYPDVGWNPIEGERYLSFLR,0
Q8NI27,1277,NSGSNSNKAVKENDKEKGKEKEKEKKEKTPATTPEARVLGK,0
Q9NU22,3960,KELKEFVKISKWNDVSFWSIKQSVEKTHRTLFKFMKKFEAV,0
Q8WYQ5-3,472,QVTVKKFRTWAERRQFNREMKRKQAESERPILPANQKLITL,0
Q6NZY4,704,MYLRIRSLLKNSPRNQQKNKKASEXXXXXXXXXXXXXXXXX,0
P56715,1545,YEIISKRLATPPSLDFCYDSKQNSEKETNEGETKMVKMMVK,0
Q02952,1305,EGSIDTGITVSREKVTEVALKGEGTEEAECKKDDALELQSH,0
B5MCA4,105,VICSKLAAKCLVMKAEMNGSKLGRRAKPEGALQNNDGLYDP,0
O75643,733,MEHAGKNQVLVFVHSRKETGKTARAIRDMCLEKDTLGLFLR,0
Q9NR09,533,LQQPEKLQWEIVANVLEDTVKDLEELGANPCLTNSKSEKTK,0
D3DPF9,6019,YKGDEEIIETGRYEILTEGRKRILVIQNAHLEDAGNYNCRL,0
D3DPF9,737,AVKPRVIQAPSETHIKTTDQKGMHISSQIKKTTDLTTERLV,0
Q5VTR2,563,LSSQSSASKASQEDANEIKSKRDEEERERERREKERERERE,0
O43395,559,QGVHISVYRVRNLSNPAKKFKIEANAGQLYLTGVVVLHKDV,0
P61011,255,AFKDKVDVASVIVTKLDGHAKGGGALSAVAATKSPIIFIGT,0
Q9Y490,234,LLYVQARDDILNGSHPVSFDKACEFAGFQCQIQFGPHNEQK,0
Q9NUG6,98,EKDQDHLDKEIEKLRKQLKVKVNRLFEAQGKPELKGFNLNP,0
K9MS24,1653,KHQILEQAVEDYAETVHQLSKTSRALVADSHPESERISMRQ,0
Q9Y6X4,337,EGHDKTSVSTHTRSGNLKRPKIGKRFQDSEFSSSQGEDEKT,0
D3DPF9,11316,DPIKACRPIKPPGPPINPKLKDKSRETADLVWTKPLSDGGS,0
P37173,300,PYEEYASWKTEKDIFSDINLKHENILQFLTAEERKTELGKQ,0
P41250,102,KEDKAPQVDVDKAVAELKARKRVLEAKELALQPKDDIVDRA,0
Q9HB40,63,VTVRKDAYMFWWLYYATNSCKNFSELPLVMWLQGGPGGSST,0
Q12904,298,LHTNDECVATYKGVPFEVKGKGVCRAQTMSNSGIKXXXXXX,0
Q9Y490,1075,SVVQNLEKDLQEVKAAARDGKLKPLPGETMEKCTQDLGNST,0
F5H4R1,406,FQDRVQALCLWLNITKDLNQKLRIMGTVLGIKNLSDIGWPV,0
Q9Y5B9,633,VPALNLQNAFRIIKEVQKRYKTREAEEKEKEGIVKQDSLVI,0
P49792,2212,TEEENKGSGTGAAGASDTTIKPNPENTGPTLEWDNYDLRED,0
D3DPF9,7115,ENVKWRDRTANSIFLTWDPPKNDGGSRIKGYIVERCPRGSD,0
O00291-3,527,EREKKELEDSLERISDQGQRKTQEQLEVLESLKQELATSQR,0
Q00610,1535,FKGNNRWKQSVELCKKDSLYKDAMQYASESKDTELAEELLQ,0
Q9NY61,508,GRQWLAIQKLRSKIHKKVDRKASKGRKLRFHVLSKLLSFMA,0
Q29RF7,958,KALVKLLLPLEYMAIFALCAKDPVKERRAHARQCLLKNISI,0
P12270,1507,ETKSKSLESQVENLQKTLSEKETEARNLQEQTVQLQSELSR,0
Q9BXW9,910,NSECDPTPSHRGQLNKEFTGKEEKTSLLLHNSHAFFRELDI,0
Q9NU22,5208,DTLMDTEEQEEFKAADVEQLKPEEIKSGTTAPLGFDEMEVE,0
Q15942,33,SVSAPAFYAPQKKFGPVVAPKPKVNPFRPGDSEPPPAPGAQ,0
Q12906,386,AITPMKRPMEEDGEEKSPSKKKKKIQKKEEKAEPPQAMNAL,0
Q93034,644,ELPDAELRRTLWSLVAFPKLKRQVLLYEPQVNSPKDFTEGT,0
Q9UKM9,17,XXXXMSLKLQASNVTNKNDPKSINSRVFIGNLNTALVKKSD,0
O75555,885,QLGKAEAAALTETAKQVILQKKLSTYWSHXXXXXXXXXXXX,0
P78316,3,XXXXXXXXXXXXXXXXXXMAKAKKVGARRKASGAPAGARGG,0
A0A024R968,709,GITVRMVTGDNINTARAIATKCGILTPGDDFLCLEGKEFNR,0
B4E2L0,159,EKRILQAVNFPFLVRLEYAFKDNSNLYMVMEYVPGGEMFSH,0
Q92609,129,IEELRAWYSNIKEIHITNPRKVVGQQDLMINNPLSQDEGSL,0
Q14008-2,872,LPRTEISDKITSELVSKIGDKNWKIRKEGLDEVAGIINDAK,0
Q09666,2370,GPKLDADMPEVAVEGPNGKWKTPKFKMPDMHFKAPKISMPD,0
A0A669KBA4,592,LWNDGCIMGFISKERERALLKDQQPGTFLLRFSESSREGAI,0
Q14573,376,AVPHGNDIASLFELDPTTLQKTDSFVPRNSYVRLRHLCTNT,0
Q15413,2628,FSLPEKLEYIVTKYAEHSHDKWACDKSQSGWKYGISLDENV,0
A0A087WYN9,296,EQAATFKLEKNKQGQKEAQEKIRKFQREMETLEDHPVFNPA,0
B7ZMJ9,1807,AGDGKVCVSSPPEPDETHDPKLQHLAPEELHTDRESPRPGP,0
Q13813,250,QDEVNAAWQRLKGLALQRQGKLFGAAEVQRFNRDVDETISW,0
Q9Y253,261,GSVPQLFSQMPIRKIRSLGGKLGASVIEILGIEYMGELTQF,0
Q9BSC4-2,394,YRKDKIRQKIEETRAQRVQLKKLPKVNKELALKLIEEEEEK,0
E9PAV3,1491,TPPSPKEPPAPKQVATSSSPKKAPATPAPMGAPTLPAVIPS,0
Q9NZM1-6,1066,WKFHWKQRSSDTFRRRRWRRKMAPSETHGAAAIFKLEGALG,0
H0YL81,14,XXXXXXXMQSPPHLAVCRSNKSPWVCLTCSSVHCGRYVNGH,0
P78527,709,KSLKHSPEDPEKYSCFALFVKFGKEVAVKMKQYKDELLASC,0
E7ESY4,352,TTDRYVQQKRLKAAEAESKLKQVYIPNYNKPNPNQISVNNV,0
Q14966-3,98,TDPRLTKEKLDFHEAQQKKGKPHGSRWDDEPHISASVAVKQ,0
Q9Y6X4,340,DKTSVSTHTRSGNLKRPKIGKRFQDSEFSSSQGEDEKTSQT,0
Q9UFH2,3098,ESADQLIQVVGIEAEKVSKEKAIADQEEVKVEVINKNVTEK,0
Q13823,461,QTVGKMVLNDWQRGRIPFFVKPPNAEPLVAPQLLPSSSLEV,0
A6NHR9,933,EDSQILKIRLLPGHPRRLKVKPDSEILVIENGTAFPFQVEV,0
Q9NU22,759,TFSKKQNFTFLGHIQTCYRQKRWHDLLRLMQHVHKSAVNKD,0
E7EVA0,1132,RAVLIPSEPVSKTEGMTTQDKSEELGLNSSKQPGTKADLTE,0
P20962,92,EDDEGPALKRAAEEEDEADPKRQKTENGASAXXXXXXXXXX,0
Q9BXW9,366,LFDVIKSAIRYEKTISEAWIKAIENTASVSEHKVFDLVMLF,0
P33176,313,NCRTTIVICCSPSSYNESETKSTLLFGQRAKTIKNTVCVNV,0
Q03701,940,TFMDVLDDESESVPELEVHSKVSTKKSKRKGTDDFDFAGSF,0
P48556,277,TFFIDILLDTIRDEIAGCIEKAYEKILFTEATRILFFNTPK,0
Q9UFH2,712,QQKEIPDSAESLFSENETFRKFVGNLELIVGWYNEIKTIVK,0
Q01970,184,VNQDGRIPVKNILKMFSADKKRVETALESCGLKFNRSESIR,0
Q15424,500,EKAKNEPVGKKTSDKRDSDGKKEKSSNSDRSTNLKRDDKCD,0
O60506,363,RNLANTVTEEILEKAFSQFGKLERVKKLKDYAFIHFDERDG,0
D3DPF9,18300,GQYILKLSNVGGTKSIPITVKVLDRPGPPEGPLKVTGVTAE,0
